doc_id,segment_id,sentence_id
0,s0_0,0_0
0,s0_1,0_1
0,s0_1,0_2
0,s0_1,0_3
0,s0_1,0_4
0,s0_2,0_5
0,s0_2,0_6
0,s0_2,0_7
0,s0_2,0_8
0,s0_2,0_9
0,s0_3,0_10
0,s0_3,0_11
0,s0_3,0_12
1,s1_0,1_0
1,s1_0,1_1
1,s1_0,1_2
1,s1_1,1_3
1,s1_1,1_4
1,s1_2,1_5
1,s1_2,1_6
1,s1_2,1_7
1,s1_2,1_8
1,s1_2,1_9
1,s1_3,1_10
1,s1_3,1_11
1,s1_4,1_12
1,s1_5,1_13
1,s1_6,1_14
1,s1_6,1_15
1,s1_6,1_16
1,s1_6,1_17
1,s1_6,1_18
1,s1_6,1_19
1,s1_6,1_20
1,s1_6,1_21
2,s2_0,2_0
2,s2_1,2_1
2,s2_1,2_2
2,s2_1,2_3
2,s2_2,2_4
2,s2_3,2_5
2,s2_3,2_6
2,s2_3,2_7
2,s2_3,2_8
2,s2_4,2_9
2,s2_4,2_10
3,s3_0,3_0
3,s3_0,3_1
3,s3_1,3_2
3,s3_1,3_3
3,s3_1,3_4
3,s3_1,3_5
3,s3_1,3_6
4,s4_0,4_0
4,s4_0,4_1
4,s4_0,4_2
4,s4_0,4_3
4,s4_0,4_4
4,s4_1,4_5
4,s4_1,4_6
4,s4_1,4_7
4,s4_2,4_8
4,s4_3,4_9
4,s4_3,4_10
4,s4_3,4_11
4,s4_3,4_12
4,s4_3,4_13
4,s4_3,4_14
4,s4_3,4_15
5,s5_0,5_0
5,s5_1,5_1
5,s5_1,5_2
5,s5_1,5_3
5,s5_1,5_4
5,s5_2,5_5
5,s5_2,5_6
5,s5_3,5_7
5,s5_3,5_8
5,s5_3,5_9
5,s5_3,5_10
5,s5_4,5_11
5,s5_4,5_12
5,s5_5,5_13
6,s6_0,6_0
6,s6_1,6_1
6,s6_1,6_2
6,s6_1,6_3
6,s6_1,6_4
6,s6_1,6_5
6,s6_2,6_6
6,s6_2,6_7
6,s6_2,6_8
6,s6_2,6_9
6,s6_2,6_10
6,s6_2,6_11
6,s6_2,6_12
7,s7_0,7_0
7,s7_0,7_1
7,s7_0,7_2
7,s7_0,7_3
7,s7_0,7_4
7,s7_0,7_5
7,s7_0,7_6
7,s7_0,7_7
7,s7_1,7_8
7,s7_1,7_9
7,s7_1,7_10
7,s7_2,7_11
8,s8_0,8_0
8,s8_1,8_1
8,s8_1,8_2
8,s8_1,8_3
8,s8_1,8_4
8,s8_2,8_5
8,s8_2,8_6
8,s8_2,8_7
8,s8_2,8_8
8,s8_3,8_9
8,s8_3,8_10
8,s8_3,8_11
8,s8_4,8_12
8,s8_4,8_13
8,s8_4,8_14
8,s8_4,8_15
8,s8_4,8_16
8,s8_5,8_17
8,s8_5,8_18
8,s8_6,8_19
8,s8_6,8_20
8,s8_7,8_21
8,s8_7,8_22
8,s8_7,8_23
8,s8_7,8_24
8,s8_7,8_25
9,s9_0,9_0
9,s9_0,9_1
9,s9_1,9_2
9,s9_1,9_3
9,s9_1,9_4
9,s9_1,9_5
9,s9_1,9_6
9,s9_1,9_7
9,s9_1,9_8
9,s9_2,9_9
9,s9_2,9_10
9,s9_2,9_11
10,s10_0,10_0
10,s10_0,10_1
10,s10_0,10_2
10,s10_1,10_3
10,s10_1,10_4
10,s10_1,10_5
10,s10_1,10_6
11,s11_0,11_0
11,s11_1,11_1
11,s11_1,11_2
11,s11_1,11_3
11,s11_1,11_4
11,s11_1,11_5
11,s11_2,11_6
11,s11_2,11_7
11,s11_2,11_8
11,s11_2,11_9
11,s11_3,11_10
11,s11_3,11_11
11,s11_3,11_12
11,s11_3,11_13
11,s11_3,11_14
12,s12_0,12_0
12,s12_0,12_1
12,s12_0,12_2
12,s12_1,12_3
12,s12_1,12_4
12,s12_1,12_5
12,s12_1,12_6
12,s12_1,12_7
12,s12_1,12_8
12,s12_1,12_9
12,s12_2,12_10
12,s12_2,12_11
13,s13_0,13_0
13,s13_0,13_1
13,s13_0,13_2
13,s13_0,13_3
13,s13_0,13_4
13,s13_0,13_5
13,s13_0,13_6
13,s13_1,13_7
13,s13_1,13_8
13,s13_2,13_9
13,s13_2,13_10
13,s13_2,13_11
13,s13_2,13_12
14,s14_0,14_0
14,s14_1,14_1
14,s14_1,14_2
14,s14_1,14_3
14,s14_1,14_4
14,s14_1,14_5
14,s14_1,14_6
14,s14_2,14_7
14,s14_2,14_8
14,s14_2,14_9
14,s14_3,14_10
14,s14_3,14_11
14,s14_3,14_12
14,s14_3,14_13
14,s14_3,14_14
14,s14_4,14_15
14,s14_4,14_16
14,s14_5,14_17
14,s14_6,14_18
14,s14_7,14_19
14,s14_7,14_20
14,s14_8,14_21
14,s14_8,14_22
15,s15_0,15_0
15,s15_1,15_1
15,s15_2,15_2
15,s15_2,15_3
15,s15_2,15_4
15,s15_2,15_5
15,s15_2,15_6
15,s15_2,15_7
15,s15_2,15_8
15,s15_2,15_9
15,s15_3,15_10
15,s15_3,15_11
15,s15_3,15_12
15,s15_3,15_13
16,s16_0,16_0
16,s16_1,16_1
16,s16_2,16_2
16,s16_2,16_3
16,s16_2,16_4
16,s16_3,16_5
16,s16_3,16_6
16,s16_3,16_7
16,s16_3,16_8
16,s16_3,16_9
16,s16_3,16_10
16,s16_3,16_11
16,s16_3,16_12
16,s16_4,16_13
16,s16_4,16_14
16,s16_5,16_15
16,s16_5,16_16
16,s16_5,16_17
16,s16_5,16_18
16,s16_5,16_19
16,s16_5,16_20
16,s16_5,16_21
16,s16_6,11_14
16,s16_6,16_23
17,s17_0,17_0
17,s17_1,17_1
17,s17_2,17_2
17,s17_3,17_3
17,s17_3,17_4
17,s17_4,17_5
17,s17_4,17_6
17,s17_4,17_7
17,s17_4,17_8
17,s17_4,17_9
17,s17_4,3_6
18,s18_0,1_0
18,s18_0,18_1
18,s18_0,18_2
18,s18_1,18_3
18,s18_1,18_4
18,s18_1,18_5
18,s18_1,18_6
18,s18_2,18_7
18,s18_2,18_8
18,s18_2,18_9
18,s18_2,18_10
18,s18_3,18_11
18,s18_3,18_12
18,s18_3,18_13
18,s18_4,18_14
18,s18_4,18_15
19,s19_0,19_0
19,s19_0,19_1
19,s19_0,19_2
19,s19_0,19_3
19,s19_0,19_4
19,s19_0,19_5
19,s19_0,19_6
19,s19_0,19_7
19,s19_0,19_8
19,s19_1,19_9
19,s19_1,19_10
20,s20_0,20_0
20,s20_0,9_1
20,s20_0,20_2
20,s20_0,20_3
20,s20_1,20_4
20,s20_1,20_5
20,s20_1,20_6
20,s20_1,20_7
20,s20_2,20_8
20,s20_2,20_9
20,s20_2,20_10
21,s21_0,21_0
21,s21_1,21_1
21,s21_1,21_2
21,s21_1,21_3
21,s21_1,21_4
21,s21_2,21_5
21,s21_2,21_6
21,s21_2,21_7
21,s21_2,21_8
21,s21_2,21_9
21,s21_2,21_10
21,s21_2,21_11
21,s21_2,14_21
21,s21_3,21_13
22,s22_0,22_0
22,s22_1,22_1
22,s22_1,22_2
22,s22_1,22_3
22,s22_1,22_4
22,s22_1,22_5
22,s22_2,22_6
22,s22_2,22_7
22,s22_2,22_8
22,s22_2,22_9
22,s22_2,22_10
22,s22_2,22_11
22,s22_2,22_12
22,s22_3,22_13
22,s22_3,22_14
22,s22_3,22_15
22,s22_3,22_16
22,s22_3,22_17
22,s22_4,22_18
22,s22_4,22_19
22,s22_5,22_20
22,s22_5,22_21
22,s22_6,14_21
22,s22_6,3_6
23,s23_0,23_0
23,s23_0,23_1
23,s23_1,23_2
23,s23_1,23_3
23,s23_1,23_4
23,s23_1,23_5
23,s23_1,23_6
23,s23_2,23_7
23,s23_2,23_8
23,s23_2,23_9
23,s23_2,23_10
24,s24_0,24_0
24,s24_1,24_1
24,s24_2,24_2
24,s24_3,24_3
24,s24_4,24_4
24,s24_4,24_5
24,s24_4,24_6
24,s24_4,24_7
24,s24_4,24_8
24,s24_4,24_9
24,s24_4,24_10
24,s24_4,24_11
24,s24_4,24_12
24,s24_4,24_13
24,s24_4,24_14
24,s24_5,24_15
24,s24_5,24_16
24,s24_5,24_17
24,s24_5,24_18
24,s24_6,24_19
24,s24_6,24_20
24,s24_7,24_21
25,s25_0,25_0
25,s25_0,10_1
25,s25_1,25_2
25,s25_1,25_3
25,s25_1,25_4
25,s25_2,25_5
25,s25_2,25_6
25,s25_2,25_7
25,s25_2,25_8
25,s25_3,25_9
25,s25_3,25_10
25,s25_3,25_11
25,s25_3,15_12
25,s25_4,25_13
26,s26_0,26_0
26,s26_0,26_1
26,s26_0,26_2
26,s26_1,26_3
26,s26_1,26_4
26,s26_1,26_5
26,s26_1,26_6
26,s26_1,26_7
26,s26_1,26_8
26,s26_2,26_9
26,s26_2,26_10
26,s26_2,26_11
26,s26_3,26_12
26,s26_3,26_13
26,s26_3,26_14
26,s26_3,26_15
26,s26_3,26_16
26,s26_4,26_17
27,s27_0,27_0
27,s27_0,27_1
27,s27_0,27_2
27,s27_0,27_3
27,s27_0,27_4
27,s27_0,27_5
27,s27_0,27_6
27,s27_0,27_7
27,s27_1,27_8
27,s27_2,27_9
27,s27_3,27_10
27,s27_3,27_11
28,s28_0,28_0
28,s28_0,10_1
28,s28_1,28_2
28,s28_1,28_3
28,s28_1,28_4
28,s28_1,28_5
28,s28_1,28_6
28,s28_2,28_7
28,s28_2,28_8
28,s28_2,28_9
28,s28_2,28_10
28,s28_2,28_11
28,s28_2,28_12
28,s28_2,28_13
28,s28_2,28_14
28,s28_2,28_15
28,s28_3,28_16
29,s29_0,29_0
29,s29_0,29_1
29,s29_0,29_2
29,s29_0,29_3
29,s29_1,29_4
29,s29_1,29_5
29,s29_1,29_6
29,s29_1,29_7
29,s29_1,29_8
29,s29_1,29_9
29,s29_2,29_10
29,s29_3,29_11
29,s29_3,29_12
29,s29_3,29_13
29,s29_3,29_14
29,s29_4,29_15
30,s30_0,30_0
30,s30_1,30_1
30,s30_1,30_2
30,s30_1,30_3
30,s30_1,30_4
30,s30_1,30_5
30,s30_1,30_6
30,s30_1,30_7
30,s30_1,30_8
30,s30_1,30_9
30,s30_2,30_10
30,s30_2,30_11
30,s30_2,30_12
30,s30_2,30_13
30,s30_2,30_14
30,s30_3,30_15
31,s31_0,12_0
31,s31_0,31_1
31,s31_0,31_2
31,s31_0,31_3
31,s31_0,31_4
31,s31_0,31_5
31,s31_1,31_6
31,s31_1,31_7
31,s31_1,31_8
31,s31_1,31_9
31,s31_1,31_10
31,s31_1,31_11
31,s31_1,31_12
31,s31_1,31_13
31,s31_1,31_14
31,s31_2,31_15
31,s31_2,31_16
31,s31_2,31_17
31,s31_3,31_18
31,s31_3,31_19
31,s31_4,31_20
31,s31_4,31_21
32,s32_0,32_0
32,s32_0,32_1
32,s32_1,32_2
32,s32_1,32_3
32,s32_1,32_4
32,s32_1,32_5
32,s32_1,32_6
32,s32_1,32_7
32,s32_1,32_8
33,s33_0,1_0
33,s33_0,1_1
33,s33_0,1_2
33,s33_1,33_3
33,s33_1,33_4
33,s33_1,33_5
33,s33_1,33_6
33,s33_2,33_7
33,s33_2,33_8
33,s33_3,33_9
33,s33_3,33_10
33,s33_4,33_11
33,s33_4,33_12
33,s33_5,33_13
33,s33_6,1_19
33,s33_6,33_15
34,s34_0,34_0
34,s34_0,34_1
34,s34_0,34_2
34,s34_0,34_3
34,s34_0,34_4
34,s34_1,34_5
34,s34_1,34_6
34,s34_1,34_7
34,s34_2,34_8
34,s34_2,34_9
34,s34_2,34_10
34,s34_2,34_11
34,s34_2,34_12
34,s34_2,34_13
34,s34_3,34_14
35,s35_0,35_0
35,s35_1,35_1
35,s35_1,35_2
35,s35_2,35_3
35,s35_2,35_4
35,s35_2,35_5
35,s35_2,35_6
35,s35_2,35_7
35,s35_3,35_8
35,s35_3,35_9
35,s35_4,35_10
35,s35_5,35_11
35,s35_5,35_12
35,s35_6,35_13
35,s35_6,3_6
36,s36_0,36_0
36,s36_1,36_1
36,s36_1,36_2
36,s36_1,36_3
36,s36_1,36_4
36,s36_1,36_5
36,s36_1,36_6
36,s36_1,36_7
36,s36_1,36_8
36,s36_1,36_9
36,s36_2,36_10
36,s36_2,36_11
36,s36_2,36_12
36,s36_3,36_13
36,s36_3,36_14
36,s36_3,36_15
36,s36_3,36_16
36,s36_3,36_17
36,s36_3,36_18
36,s36_3,36_19
36,s36_3,36_20
36,s36_4,36_21
36,s36_5,36_22
36,s36_5,11_14
37,s37_0,37_0
37,s37_1,37_1
37,s37_1,37_2
37,s37_1,37_3
37,s37_1,37_4
37,s37_1,37_5
37,s37_1,37_6
37,s37_1,37_7
37,s37_2,37_8
37,s37_2,37_9
37,s37_2,37_10
37,s37_2,37_11
37,s37_2,37_12
37,s37_2,37_13
37,s37_2,37_14
37,s37_3,37_15
37,s37_3,37_16
37,s37_3,37_17
37,s37_3,37_18
37,s37_4,37_19
37,s37_4,37_20
37,s37_4,37_21
38,s38_0,38_0
38,s38_1,38_1
38,s38_1,38_2
38,s38_1,38_3
38,s38_1,38_4
38,s38_1,38_5
38,s38_1,38_6
38,s38_1,38_7
38,s38_1,38_8
38,s38_2,38_9
38,s38_3,38_10
38,s38_3,38_11
38,s38_3,38_12
38,s38_3,38_13
39,s39_0,39_0
39,s39_1,39_1
39,s39_1,39_2
39,s39_1,39_3
39,s39_1,39_4
39,s39_1,39_5
39,s39_1,39_6
39,s39_1,39_7
39,s39_2,39_8
39,s39_2,39_9
39,s39_2,39_10
39,s39_2,0_12
40,s40_0,40_0
40,s40_0,40_1
40,s40_0,40_2
40,s40_1,40_3
40,s40_1,40_4
40,s40_1,40_5
40,s40_1,40_6
40,s40_2,40_7
40,s40_2,40_8
40,s40_2,40_9
40,s40_2,40_10
40,s40_3,40_11
40,s40_3,40_12
40,s40_3,1_21
41,s41_0,41_0
41,s41_1,41_1
41,s41_1,41_2
41,s41_1,41_3
41,s41_1,41_4
41,s41_1,41_5
41,s41_1,41_6
41,s41_1,3_6
42,s42_0,42_0
42,s42_1,42_1
42,s42_1,42_2
42,s42_1,42_3
42,s42_1,42_4
42,s42_1,42_5
42,s42_1,42_6
42,s42_1,42_7
42,s42_1,42_8
42,s42_1,42_9
42,s42_1,42_10
42,s42_2,42_11
43,s43_0,43_0
43,s43_0,43_1
43,s43_0,43_2
43,s43_0,43_3
43,s43_0,43_4
43,s43_0,43_5
43,s43_0,43_6
43,s43_0,43_7
43,s43_1,43_8
43,s43_1,43_9
43,s43_1,43_10
43,s43_1,43_11
43,s43_2,43_12
44,s44_0,44_0
44,s44_0,44_1
44,s44_0,44_2
44,s44_0,44_3
44,s44_0,44_4
44,s44_1,44_5
44,s44_1,44_6
45,s45_0,45_0
45,s45_1,45_1
45,s45_1,45_2
45,s45_2,45_3
45,s45_2,45_4
45,s45_2,45_5
45,s45_2,45_6
45,s45_2,45_7
45,s45_2,3_6
45,s45_2,45_9
46,s46_0,46_0
46,s46_0,46_1
46,s46_0,46_2
46,s46_0,46_3
46,s46_0,46_4
46,s46_0,46_5
46,s46_1,46_6
46,s46_1,46_7
46,s46_1,46_8
46,s46_1,46_9
46,s46_2,46_10
46,s46_2,46_11
46,s46_2,46_12
46,s46_3,46_13
46,s46_3,46_14
46,s46_3,46_15
46,s46_4,46_16
46,s46_4,46_17
46,s46_4,46_18
46,s46_4,46_19
46,s46_4,46_20
46,s46_4,46_21
47,s47_0,47_0
47,s47_0,9_1
47,s47_1,47_2
47,s47_1,47_3
47,s47_1,47_4
47,s47_2,47_5
47,s47_2,47_6
47,s47_2,47_7
47,s47_2,47_8
47,s47_2,9_10
47,s47_2,47_10
48,s48_0,12_0
48,s48_0,48_1
48,s48_0,48_2
48,s48_0,48_3
48,s48_1,48_4
48,s48_1,48_5
48,s48_1,48_6
48,s48_2,48_7
48,s48_2,48_8
48,s48_2,48_9
48,s48_2,48_10
48,s48_3,48_11
48,s48_3,48_12
48,s48_3,48_13
48,s48_4,48_14
48,s48_4,48_15
48,s48_4,31_20
48,s48_5,48_17
49,s49_0,49_0
49,s49_0,49_1
49,s49_0,49_2
49,s49_0,49_3
49,s49_0,49_4
49,s49_0,49_5
49,s49_0,49_6
49,s49_0,49_7
49,s49_0,49_8
49,s49_1,24_21
50,s50_0,50_0
50,s50_1,50_1
50,s50_1,50_2
50,s50_1,50_3
50,s50_2,50_4
50,s50_2,50_5
50,s50_2,50_6
50,s50_2,50_7
50,s50_2,50_8
50,s50_2,50_9
50,s50_2,50_10
50,s50_2,50_11
51,s51_0,51_0
51,s51_0,51_1
51,s51_0,51_2
51,s51_0,51_3
51,s51_1,51_4
51,s51_1,6_12
52,s52_0,12_0
52,s52_1,52_1
52,s52_1,52_2
52,s52_1,52_3
52,s52_1,52_4
52,s52_1,52_5
52,s52_2,52_6
52,s52_2,52_7
52,s52_2,52_8
52,s52_2,52_9
52,s52_3,52_10
52,s52_3,52_11
52,s52_4,52_12
52,s52_4,52_13
52,s52_5,52_14
52,s52_5,52_15
53,s53_0,53_0
53,s53_1,53_1
53,s53_1,53_2
53,s53_1,53_3
53,s53_1,53_4
53,s53_1,53_5
53,s53_1,53_6
53,s53_1,53_7
53,s53_1,53_8
53,s53_1,53_9
53,s53_1,53_10
53,s53_1,53_11
53,s53_2,53_12
53,s53_3,53_13
53,s53_3,53_14
53,s53_3,53_15
54,s54_0,54_0
54,s54_0,54_1
54,s54_0,54_2
54,s54_0,54_3
54,s54_0,54_4
54,s54_0,54_5
54,s54_0,54_6
54,s54_1,54_7
54,s54_1,14_21
54,s54_1,14_22
55,s55_0,55_0
55,s55_0,55_1
55,s55_0,55_2
55,s55_0,55_3
55,s55_0,55_4
55,s55_0,55_5
55,s55_1,55_6
55,s55_1,55_7
55,s55_1,55_8
55,s55_1,55_9
55,s55_2,55_10
55,s55_3,55_11
55,s55_3,55_12
55,s55_3,55_13
56,s56_0,56_0
56,s56_1,56_1
56,s56_1,56_2
56,s56_1,56_3
56,s56_1,56_4
56,s56_2,56_5
56,s56_2,56_6
56,s56_3,56_7
56,s56_3,56_8
56,s56_3,56_9
56,s56_3,56_10
56,s56_3,56_11
56,s56_3,56_12
56,s56_3,56_13
56,s56_4,56_14
56,s56_4,56_15
56,s56_4,56_16
56,s56_5,56_17
56,s56_5,56_18
56,s56_6,56_19
56,s56_6,56_20
56,s56_6,56_21
56,s56_7,56_22
56,s56_7,56_23
56,s56_8,56_24
56,s56_8,56_25
56,s56_8,56_26
56,s56_8,56_27
56,s56_9,56_28
57,s57_0,57_0
57,s57_0,57_1
57,s57_0,57_2
57,s57_0,57_3
57,s57_0,57_4
57,s57_1,57_5
57,s57_1,57_6
57,s57_2,57_7
57,s57_2,57_8
57,s57_2,57_9
57,s57_2,10_6
58,s58_0,12_0
58,s58_1,58_1
58,s58_1,58_2
58,s58_2,58_3
58,s58_2,58_4
58,s58_2,58_5
58,s58_2,58_6
58,s58_3,58_7
58,s58_3,58_8
58,s58_3,58_9
58,s58_4,58_10
59,s59_0,59_0
59,s59_0,10_1
59,s59_1,59_2
59,s59_1,59_3
59,s59_1,59_4
59,s59_1,59_5
59,s59_1,59_6
59,s59_1,59_7
59,s59_2,59_8
59,s59_2,59_9
59,s59_3,59_10
59,s59_3,59_11
59,s59_3,59_12
59,s59_3,59_13
59,s59_3,59_14
59,s59_3,59_15
59,s59_4,59_16
59,s59_4,59_17
59,s59_5,59_18
59,s59_5,59_19
59,s59_5,59_20
60,s60_0,60_0
60,s60_0,60_1
60,s60_1,60_2
60,s60_1,60_3
60,s60_2,60_4
60,s60_2,60_5
60,s60_2,60_6
60,s60_2,60_7
60,s60_2,60_8
60,s60_2,60_9
60,s60_2,60_10
60,s60_2,60_11
60,s60_3,30_14
60,s60_4,60_13
61,s61_0,4_0
61,s61_1,61_1
61,s61_1,61_2
61,s61_1,61_3
61,s61_1,61_4
61,s61_1,61_5
61,s61_1,61_6
61,s61_1,4_15
62,s62_0,62_0
62,s62_0,62_1
62,s62_0,62_2
62,s62_0,62_3
62,s62_0,62_4
62,s62_0,62_5
62,s62_1,62_6
62,s62_1,62_7
63,s63_0,12_0
63,s63_0,63_1
63,s63_1,63_2
63,s63_1,63_3
63,s63_1,63_4
63,s63_1,63_5
63,s63_1,63_6
63,s63_1,63_7
64,s64_0,64_0
64,s64_1,64_1
64,s64_1,64_2
64,s64_2,64_3
64,s64_2,64_4
64,s64_2,64_5
64,s64_3,64_6
64,s64_3,64_7
64,s64_3,64_8
64,s64_3,64_9
64,s64_4,64_10
64,s64_4,64_11
64,s64_4,64_12
64,s64_4,64_13
64,s64_5,64_14
64,s64_5,3_6
65,s65_0,12_0
65,s65_0,65_1
65,s65_0,65_2
65,s65_0,65_3
65,s65_0,65_4
65,s65_1,65_5
65,s65_1,65_6
65,s65_1,65_7
65,s65_1,65_8
65,s65_2,65_9
65,s65_2,65_10
65,s65_2,65_11
65,s65_3,65_12
65,s65_3,10_6
66,s66_0,66_0
66,s66_1,66_1
66,s66_1,66_2
66,s66_1,66_3
66,s66_1,66_4
66,s66_2,66_5
66,s66_3,66_6
66,s66_4,66_7
66,s66_5,66_8
66,s66_6,66_9
66,s66_7,66_10
66,s66_7,66_11
66,s66_8,66_12
66,s66_9,66_13
66,s66_9,66_14
66,s66_9,66_15
66,s66_10,66_16
66,s66_10,66_17
66,s66_11,66_18
66,s66_11,3_6
67,s67_0,67_0
67,s67_0,54_1
67,s67_1,67_2
67,s67_2,67_3
67,s67_2,67_4
67,s67_2,67_5
67,s67_2,67_6
67,s67_3,67_7
67,s67_4,67_8
67,s67_4,67_9
67,s67_4,67_10
67,s67_4,67_11
67,s67_5,67_12
67,s67_5,67_13
67,s67_6,67_14
67,s67_6,67_15
67,s67_7,67_16
67,s67_7,67_17
68,s68_0,68_0
68,s68_1,68_1
68,s68_1,68_2
68,s68_1,68_3
68,s68_2,68_4
68,s68_2,68_5
68,s68_2,68_6
68,s68_2,68_7
68,s68_2,68_8
68,s68_2,68_9
68,s68_2,68_10
68,s68_3,68_11
68,s68_4,68_12
69,s69_0,69_0
69,s69_0,69_1
69,s69_1,69_2
69,s69_1,69_3
69,s69_1,69_4
69,s69_1,69_5
69,s69_1,69_6
69,s69_1,69_7
69,s69_1,69_8
69,s69_1,18_14
69,s69_2,69_10
70,s70_0,70_0
70,s70_0,70_1
70,s70_0,70_2
70,s70_0,70_3
70,s70_1,70_4
70,s70_1,70_5
70,s70_1,70_6
70,s70_2,70_7
70,s70_2,70_8
70,s70_2,70_9
70,s70_2,70_10
70,s70_2,70_11
70,s70_2,70_12
70,s70_2,70_13
70,s70_3,70_14
71,s71_0,71_0
71,s71_0,71_1
71,s71_1,71_2
71,s71_1,71_3
71,s71_1,71_4
71,s71_1,71_5
71,s71_2,71_6
71,s71_2,71_7
71,s71_2,9_10
71,s71_2,9_11
72,s72_0,1_0
72,s72_0,72_1
72,s72_0,1_2
72,s72_1,72_3
72,s72_1,72_4
72,s72_1,72_5
72,s72_1,72_6
72,s72_1,72_7
72,s72_2,72_8
72,s72_2,72_9
72,s72_2,72_10
72,s72_3,72_11
72,s72_3,1_19
72,s72_4,1_20
72,s72_4,1_21
73,s73_0,73_0
73,s73_1,73_1
73,s73_1,73_2
73,s73_2,73_3
73,s73_3,73_4
73,s73_3,73_5
73,s73_4,73_6
73,s73_4,73_7
73,s73_4,73_8
73,s73_5,73_9
73,s73_5,73_10
73,s73_5,73_11
73,s73_6,73_12
73,s73_6,73_13
73,s73_6,73_14
73,s73_6,73_15
73,s73_6,73_16
73,s73_7,73_17
74,s74_0,74_0
74,s74_1,74_1
74,s74_1,74_2
74,s74_2,74_3
74,s74_2,74_4
74,s74_2,74_5
74,s74_3,74_6
74,s74_4,74_7
74,s74_4,74_8
74,s74_4,74_9
74,s74_4,74_10
74,s74_4,74_11
74,s74_4,74_12
74,s74_5,74_13
74,s74_5,74_14
74,s74_5,74_15
74,s74_5,74_16
74,s74_5,74_17
74,s74_5,74_18
74,s74_6,74_19
74,s74_6,74_20
74,s74_6,74_21
74,s74_7,74_22
74,s74_7,74_23
74,s74_7,74_24
74,s74_8,74_25
74,s74_8,74_26
74,s74_8,74_27
74,s74_8,74_28
74,s74_9,74_29
74,s74_9,74_30
74,s74_9,74_31
75,s75_0,75_0
75,s75_0,10_1
75,s75_1,75_2
75,s75_1,75_3
75,s75_1,75_4
75,s75_1,75_5
75,s75_1,75_6
75,s75_1,75_7
75,s75_1,75_8
75,s75_1,75_9
76,s76_0,76_0
76,s76_0,76_1
76,s76_0,76_2
76,s76_0,76_3
76,s76_0,76_4
76,s76_0,76_5
76,s76_1,76_6
76,s76_1,76_7
76,s76_2,76_8
76,s76_2,76_9
76,s76_2,76_10
76,s76_2,76_11
76,s76_2,76_12
76,s76_2,76_13
77,s77_0,1_0
77,s77_0,77_1
77,s77_1,77_2
77,s77_1,77_3
77,s77_1,77_4
77,s77_1,77_5
77,s77_1,77_6
77,s77_2,77_7
77,s77_3,77_8
77,s77_3,18_14
77,s77_3,18_15
78,s78_0,78_0
78,s78_0,78_1
78,s78_1,78_2
78,s78_1,78_3
78,s78_2,78_4
78,s78_3,78_5
78,s78_3,78_6
78,s78_3,78_7
78,s78_3,78_8
78,s78_3,78_9
78,s78_3,78_10
78,s78_4,78_11
78,s78_4,78_12
78,s78_4,78_13
78,s78_5,78_14
78,s78_5,78_15
78,s78_5,78_16
78,s78_5,78_17
78,s78_6,78_18
78,s78_6,78_19
78,s78_6,78_20
78,s78_6,78_21
79,s79_0,1_0
79,s79_0,79_1
79,s79_0,79_2
79,s79_0,79_3
79,s79_1,79_4
79,s79_1,79_5
79,s79_2,79_6
79,s79_2,79_7
79,s79_2,79_8
79,s79_2,79_9
80,s80_0,80_0
80,s80_1,80_1
80,s80_1,80_2
80,s80_1,80_3
80,s80_1,80_4
80,s80_2,80_5
80,s80_2,80_6
80,s80_2,80_7
80,s80_2,80_8
80,s80_2,80_9
80,s80_2,80_10
81,s81_0,1_0
81,s81_0,81_1
81,s81_0,81_2
81,s81_1,81_3
81,s81_1,81_4
81,s81_1,81_5
81,s81_2,81_6
81,s81_2,81_7
81,s81_2,81_8
81,s81_2,81_9
81,s81_3,81_10
81,s81_3,81_11
81,s81_4,81_12
81,s81_4,81_13
81,s81_5,81_14
81,s81_5,81_15
81,s81_6,81_16
81,s81_6,81_17
81,s81_6,81_18
81,s81_6,81_19
81,s81_6,81_20
81,s81_6,81_21
81,s81_6,81_22
81,s81_6,81_23
81,s81_6,81_24
81,s81_7,81_25
82,s82_0,82_0
82,s82_1,82_1
82,s82_1,82_2
82,s82_2,82_3
82,s82_2,82_4
82,s82_3,82_5
82,s82_3,82_6
82,s82_4,82_7
82,s82_5,82_8
82,s82_5,82_9
82,s82_6,82_10
82,s82_6,82_11
82,s82_6,82_12
82,s82_6,82_13
82,s82_6,82_14
82,s82_6,82_15
82,s82_6,82_16
82,s82_6,82_17
82,s82_6,11_14
83,s83_0,83_0
83,s83_0,71_1
83,s83_1,83_2
83,s83_1,83_3
83,s83_1,83_4
83,s83_1,83_5
83,s83_1,83_6
83,s83_1,83_7
83,s83_1,83_8
83,s83_1,83_9
83,s83_1,9_10
83,s83_2,47_10
84,s84_0,59_0
84,s84_0,10_1
84,s84_1,84_2
84,s84_1,84_3
84,s84_1,84_4
84,s84_1,84_5
84,s84_1,84_6
84,s84_2,84_7
84,s84_2,84_8
84,s84_2,84_9
84,s84_3,84_10
84,s84_3,84_11
84,s84_3,84_12
84,s84_3,84_13
84,s84_3,84_14
84,s84_3,84_15
84,s84_3,84_16
84,s84_4,84_17
84,s84_4,84_18
84,s84_5,25_13
85,s85_0,4_0
85,s85_1,85_1
85,s85_1,85_2
85,s85_1,85_3
85,s85_1,85_4
85,s85_1,85_5
85,s85_1,85_6
85,s85_1,85_7
85,s85_1,85_8
85,s85_1,85_9
85,s85_1,85_10
85,s85_2,85_11
85,s85_2,85_12
85,s85_2,85_13
85,s85_2,85_14
85,s85_3,85_15
85,s85_3,85_16
85,s85_4,85_17
85,s85_4,85_18
85,s85_4,85_19
85,s85_4,85_20
85,s85_5,4_15
86,s86_0,86_0
86,s86_1,86_1
86,s86_1,86_2
86,s86_1,86_3
86,s86_1,86_4
86,s86_2,86_5
86,s86_2,86_6
86,s86_2,86_7
88,s88_0,88_0
88,s88_1,88_1
88,s88_2,88_2
88,s88_2,88_3
88,s88_3,88_4
88,s88_4,88_5
88,s88_5,88_6
88,s88_5,88_7
88,s88_5,88_8
88,s88_5,88_9
88,s88_6,88_10
88,s88_6,88_11
88,s88_6,88_12
88,s88_6,88_13
88,s88_6,88_14
88,s88_6,88_15
88,s88_6,88_16
88,s88_6,88_17
88,s88_7,88_18
88,s88_7,88_19
88,s88_8,88_20
88,s88_9,88_21
88,s88_10,88_22
88,s88_10,88_23
88,s88_10,88_24
88,s88_10,88_25
88,s88_10,88_26
88,s88_10,88_27
88,s88_10,88_28
88,s88_10,88_29
88,s88_11,88_30
88,s88_12,88_31
88,s88_13,88_32
88,s88_13,88_33
88,s88_14,88_34
89,s89_0,89_0
89,s89_0,89_1
89,s89_0,89_2
89,s89_0,89_3
89,s89_0,89_4
89,s89_1,89_5
89,s89_1,89_6
89,s89_1,89_7
89,s89_1,89_8
89,s89_1,89_9
89,s89_1,89_10
90,s90_0,4_0
90,s90_1,90_1
90,s90_1,90_2
90,s90_1,90_3
90,s90_1,90_4
90,s90_2,90_5
90,s90_2,90_6
90,s90_3,90_7
90,s90_3,90_8
90,s90_3,90_9
90,s90_4,90_10
90,s90_5,90_11
90,s90_5,90_12
90,s90_5,90_13
90,s90_5,90_14
90,s90_5,90_15
90,s90_6,4_15
91,s91_0,91_0
91,s91_0,71_1
91,s91_0,91_2
91,s91_1,91_3
91,s91_1,91_4
91,s91_1,9_10
91,s91_1,47_10
92,s92_0,92_0
92,s92_0,10_1
92,s92_1,92_2
92,s92_1,92_3
92,s92_2,92_4
92,s92_2,92_5
92,s92_2,92_6
92,s92_2,92_7
92,s92_3,92_8
92,s92_3,92_9
92,s92_3,92_10
92,s92_3,92_11
92,s92_3,92_12
92,s92_3,92_13
92,s92_3,92_14
92,s92_3,92_15
93,s93_0,93_0
93,s93_0,93_1
93,s93_0,93_2
93,s93_0,93_3
93,s93_0,93_4
93,s93_0,93_5
93,s93_1,93_6
93,s93_1,93_7
93,s93_1,93_8
93,s93_1,30_4
93,s93_1,93_10
93,s93_2,93_11
93,s93_3,19_10
94,s94_0,94_0
94,s94_1,94_1
94,s94_2,94_2
94,s94_2,94_3
94,s94_2,94_4
94,s94_3,94_5
94,s94_3,94_6
94,s94_3,94_7
94,s94_4,94_8
95,s95_0,95_0
95,s95_0,95_1
95,s95_0,95_2
95,s95_1,95_3
95,s95_1,95_4
95,s95_1,95_5
95,s95_1,95_6
95,s95_2,95_7
95,s95_2,18_14
95,s95_2,69_10
96,s96_0,96_0
96,s96_0,96_1
96,s96_1,96_2
96,s96_1,96_3
96,s96_2,96_4
96,s96_2,96_5
96,s96_2,96_6
96,s96_2,96_7
96,s96_2,96_8
96,s96_2,96_9
96,s96_3,96_10
96,s96_3,96_11
96,s96_3,96_12
96,s96_3,96_13
96,s96_3,0_12
97,s97_0,78_0
97,s97_1,97_1
97,s97_1,97_2
97,s97_1,97_3
97,s97_2,97_4
97,s97_2,97_5
97,s97_2,97_6
97,s97_2,97_7
97,s97_3,97_8
97,s97_3,97_9
97,s97_3,97_10
97,s97_3,97_11
97,s97_4,97_12
97,s97_4,97_13
97,s97_4,97_14
97,s97_5,97_15
97,s97_5,97_16
97,s97_5,97_17
97,s97_5,97_18
97,s97_5,97_19
97,s97_5,18_14
97,s97_6,97_21
98,s98_0,98_0
98,s98_1,98_1
98,s98_1,56_12
98,s98_1,98_3
98,s98_1,98_4
98,s98_1,98_5
98,s98_1,98_6
98,s98_1,98_7
98,s98_1,98_8
98,s98_1,98_9
98,s98_2,98_10
98,s98_2,98_11
98,s98_2,98_12
98,s98_2,98_13
98,s98_3,98_14
98,s98_3,98_15
98,s98_3,98_16
98,s98_3,98_17
98,s98_4,98_18
98,s98_4,98_19
99,s99_0,99_0
99,s99_0,99_1
99,s99_0,99_2
99,s99_0,99_3
99,s99_0,99_4
99,s99_0,99_5
99,s99_1,99_6
99,s99_2,99_7
99,s99_2,99_8
99,s99_2,18_14
99,s99_2,69_10
100,s100_0,100_0
100,s100_0,71_1
100,s100_1,100_2
100,s100_1,100_3
100,s100_1,100_4
100,s100_1,100_5
100,s100_1,100_6
100,s100_2,100_7
100,s100_2,100_8
100,s100_2,9_10
100,s100_2,9_11
101,s101_0,101_0
101,s101_1,101_1
101,s101_1,101_2
101,s101_1,101_3
101,s101_1,101_4
101,s101_1,101_5
101,s101_1,101_6
101,s101_1,101_7
101,s101_2,101_8
101,s101_2,101_9
101,s101_3,101_10
101,s101_3,101_11
101,s101_4,101_12
102,s102_0,1_0
102,s102_0,102_1
102,s102_1,102_2
102,s102_2,102_3
102,s102_2,102_4
102,s102_3,102_5
102,s102_3,102_6
102,s102_3,102_7
102,s102_3,102_8
102,s102_4,102_9
102,s102_4,102_10
102,s102_4,102_11
102,s102_4,102_12
102,s102_4,102_13
102,s102_5,102_14
102,s102_5,102_15
102,s102_5,102_16
102,s102_5,102_17
102,s102_5,102_18
102,s102_5,102_19
103,s103_0,103_0
103,s103_1,103_1
103,s103_1,103_2
103,s103_2,103_3
103,s103_2,103_4
103,s103_2,103_5
103,s103_3,103_6
103,s103_3,30_4
103,s103_4,103_8
103,s103_4,103_9
103,s103_4,103_10
103,s103_4,103_11
103,s103_4,103_12
103,s103_5,103_13
103,s103_5,103_14
103,s103_5,103_15
103,s103_5,103_16
103,s103_6,103_17
103,s103_6,103_18
103,s103_6,103_19
103,s103_6,103_20
103,s103_6,103_21
103,s103_6,103_22
103,s103_7,103_23
103,s103_7,103_24
103,s103_7,103_25
103,s103_7,103_26
104,s104_0,104_0
104,s104_1,104_1
104,s104_2,104_2
104,s104_2,104_3
104,s104_2,104_4
104,s104_2,104_5
104,s104_3,104_6
104,s104_3,104_7
104,s104_3,104_8
104,s104_3,104_9
104,s104_3,104_10
104,s104_3,104_11
104,s104_3,104_12
104,s104_3,104_13
104,s104_3,104_14
104,s104_3,11_14
105,s105_0,75_0
105,s105_0,10_1
105,s105_1,105_2
105,s105_1,105_3
105,s105_1,105_4
105,s105_1,105_5
105,s105_1,105_6
105,s105_1,105_7
105,s105_2,105_8
105,s105_2,105_9
105,s105_3,105_10
105,s105_3,105_11
105,s105_3,105_12
105,s105_3,105_13
105,s105_3,105_14
105,s105_4,105_15
105,s105_4,105_16
105,s105_4,75_9
106,s106_0,106_0
106,s106_0,106_1
106,s106_0,106_2
106,s106_0,56_6
106,s106_1,106_4
106,s106_1,106_5
106,s106_1,106_6
106,s106_1,106_7
106,s106_1,24_11
106,s106_1,73_5
106,s106_1,9_6
106,s106_1,106_11
106,s106_2,106_12
106,s106_2,106_13
106,s106_3,106_14
106,s106_3,106_15
106,s106_3,56_22
106,s106_3,56_24
106,s106_4,106_18
106,s106_4,56_27
106,s106_5,56_28
107,s107_0,107_0
107,s107_0,72_1
107,s107_0,107_2
107,s107_1,107_3
107,s107_1,107_4
107,s107_1,107_5
107,s107_2,107_6
107,s107_3,107_7
107,s107_3,107_8
107,s107_3,107_9
107,s107_3,107_10
107,s107_3,107_11
107,s107_3,107_12
107,s107_4,107_13
107,s107_4,1_19
107,s107_4,1_20
107,s107_4,1_21
108,s108_0,108_0
108,s108_0,54_1
108,s108_1,108_2
108,s108_1,108_3
108,s108_1,108_4
108,s108_2,108_5
108,s108_2,108_6
108,s108_2,108_7
108,s108_3,108_8
108,s108_3,108_9
108,s108_4,108_10
108,s108_4,108_11
108,s108_4,108_12
108,s108_4,108_13
108,s108_4,108_14
108,s108_4,108_15
108,s108_4,108_16
108,s108_4,108_17
108,s108_4,108_18
108,s108_5,108_19
108,s108_5,108_20
109,s109_0,109_0
109,s109_0,109_1
109,s109_1,109_2
109,s109_1,109_3
109,s109_1,109_4
109,s109_1,109_5
109,s109_2,109_6
109,s109_2,109_7
109,s109_2,109_8
109,s109_2,109_9
109,s109_2,109_10
109,s109_3,109_11
109,s109_3,80_10
110,s110_0,110_0
110,s110_0,110_1
110,s110_1,110_2
110,s110_1,110_3
110,s110_1,110_4
110,s110_1,110_5
110,s110_1,110_6
110,s110_1,110_7
110,s110_2,110_8
110,s110_2,110_9
110,s110_2,110_10
110,s110_2,110_11
111,s111_0,4_0
111,s111_1,111_1
111,s111_1,111_2
111,s111_1,111_3
111,s111_1,111_4
111,s111_2,111_5
111,s111_2,111_6
111,s111_3,111_7
111,s111_3,111_8
111,s111_3,111_9
111,s111_3,111_10
111,s111_3,111_11
111,s111_3,111_12
111,s111_4,111_13
111,s111_5,4_15
112,s112_0,112_0
112,s112_1,112_1
112,s112_1,112_2
112,s112_1,112_3
112,s112_2,112_4
112,s112_2,112_5
112,s112_2,112_6
112,s112_2,112_7
113,s113_0,113_0
113,s113_1,113_1
113,s113_1,113_2
113,s113_1,113_3
113,s113_1,113_4
113,s113_1,113_5
113,s113_1,113_6
113,s113_1,113_7
113,s113_2,113_8
113,s113_3,113_9
113,s113_3,113_10
113,s113_4,113_11
113,s113_5,113_12
113,s113_5,113_13
113,s113_5,113_14
113,s113_5,113_15
113,s113_5,113_16
113,s113_5,113_17
113,s113_6,113_18
113,s113_6,113_19
113,s113_7,52_14
113,s113_7,113_21
114,s114_0,114_0
114,s114_1,114_1
114,s114_1,114_2
114,s114_1,114_3
114,s114_1,114_4
114,s114_1,114_5
114,s114_2,114_6
114,s114_3,114_7
114,s114_3,114_8
114,s114_4,114_9
114,s114_4,114_10
114,s114_4,114_11
114,s114_4,114_12
114,s114_5,114_13
114,s114_5,114_14
114,s114_5,114_15
114,s114_5,114_16
114,s114_5,3_6
115,s115_0,115_0
115,s115_0,1_2
115,s115_1,115_2
115,s115_1,115_3
115,s115_1,115_4
115,s115_2,115_5
115,s115_2,115_6
115,s115_2,115_7
115,s115_2,115_8
115,s115_2,115_9
115,s115_3,115_10
115,s115_3,115_11
115,s115_3,1_20
115,s115_3,1_21
116,s116_0,116_0
116,s116_1,116_1
116,s116_1,116_2
116,s116_1,116_3
116,s116_2,116_4
116,s116_2,116_5
116,s116_3,116_6
116,s116_3,116_7
116,s116_3,116_8
116,s116_3,116_9
116,s116_3,116_10
116,s116_4,116_11
116,s116_4,116_12
117,s117_0,117_0
117,s117_1,117_1
117,s117_2,117_2
117,s117_3,117_3
117,s117_3,117_4
117,s117_3,117_5
117,s117_4,117_6
117,s117_4,117_7
117,s117_5,117_8
117,s117_6,117_9
117,s117_6,117_10
117,s117_6,117_11
117,s117_6,117_12
117,s117_6,117_13
117,s117_6,117_14
117,s117_6,117_15
117,s117_6,117_16
117,s117_6,117_17
117,s117_7,117_18
118,s118_0,118_0
118,s118_0,118_1
118,s118_0,118_2
118,s118_0,118_3
118,s118_1,118_4
118,s118_1,118_5
118,s118_1,118_6
118,s118_1,118_7
118,s118_1,118_8
118,s118_1,118_9
118,s118_2,118_10
118,s118_2,18_14
118,s118_2,69_10
119,s119_0,12_0
119,s119_0,119_1
119,s119_0,119_2
119,s119_0,119_3
119,s119_1,119_4
119,s119_1,119_5
119,s119_1,119_6
119,s119_1,119_7
119,s119_1,119_8
119,s119_1,119_9
119,s119_2,58_10
120,s120_0,1_0
120,s120_0,120_1
120,s120_1,120_2
120,s120_1,120_3
120,s120_2,120_4
120,s120_2,120_5
120,s120_3,120_6
120,s120_3,120_7
120,s120_3,120_8
120,s120_3,120_9
120,s120_3,120_10
120,s120_3,120_11
120,s120_3,120_12
120,s120_3,6_11
120,s120_4,10_6
121,s121_0,121_0
121,s121_0,121_1
121,s121_0,121_2
121,s121_0,121_3
121,s121_0,121_4
121,s121_0,121_5
121,s121_0,121_6
121,s121_1,121_7
121,s121_1,121_8
121,s121_1,121_9
121,s121_2,121_10
121,s121_3,121_11
121,s121_3,4_15
122,s122_0,122_0
122,s122_1,122_1
122,s122_1,122_2
122,s122_1,122_3
122,s122_1,122_4
122,s122_1,122_5
122,s122_1,122_6
122,s122_1,122_7
122,s122_1,122_8
122,s122_2,122_9
122,s122_2,122_10
122,s122_2,29_15
123,s123_0,123_0
123,s123_1,123_1
123,s123_2,123_2
123,s123_3,123_3
123,s123_3,123_4
123,s123_3,81_9
123,s123_3,123_6
123,s123_3,80_2
123,s123_3,123_8
123,s123_3,123_9
123,s123_3,123_10
123,s123_4,123_11
123,s123_4,123_12
123,s123_4,123_13
123,s123_4,123_14
123,s123_4,0_8
123,s123_4,123_16
123,s123_4,123_17
123,s123_4,18_14
123,s123_5,97_21
124,s124_0,124_0
124,s124_0,124_1
124,s124_1,124_2
124,s124_1,124_3
124,s124_1,124_4
124,s124_1,124_5
124,s124_1,124_6
124,s124_1,124_7
124,s124_1,124_8
124,s124_1,124_9
124,s124_1,124_10
124,s124_1,124_11
124,s124_1,124_12
124,s124_2,124_13
125,s125_0,125_0
125,s125_0,125_1
125,s125_0,125_2
125,s125_0,125_3
125,s125_0,125_4
125,s125_0,125_5
125,s125_1,125_6
125,s125_1,125_7
125,s125_1,125_8
126,s126_0,4_0
126,s126_0,126_1
126,s126_0,126_2
126,s126_0,126_3
126,s126_1,126_4
126,s126_1,126_5
126,s126_1,4_15
127,s127_0,109_0
127,s127_1,127_1
127,s127_2,127_2
127,s127_3,127_3
127,s127_3,127_4
127,s127_3,127_5
127,s127_3,127_6
127,s127_3,127_7
127,s127_3,127_8
127,s127_4,127_9
127,s127_4,127_10
127,s127_4,127_11
127,s127_5,127_12
127,s127_5,127_13
127,s127_5,127_14
128,s128_0,109_0
128,s128_1,128_1
128,s128_1,128_2
128,s128_2,128_3
128,s128_2,128_4
128,s128_2,128_5
128,s128_2,128_6
128,s128_3,128_7
128,s128_3,128_8
128,s128_3,128_9
128,s128_4,128_10
128,s128_4,128_11
128,s128_4,128_12
128,s128_5,128_13
128,s128_5,128_14
128,s128_5,128_15
128,s128_5,128_16
128,s128_6,128_17
128,s128_7,128_18
128,s128_7,128_19
128,s128_7,128_20
128,s128_7,128_21
128,s128_8,128_22
128,s128_8,128_23
129,s129_0,129_0
129,s129_1,129_1
129,s129_1,129_2
129,s129_1,129_3
129,s129_2,129_4
129,s129_2,129_5
129,s129_3,129_6
129,s129_3,129_7
129,s129_3,129_8
129,s129_3,129_9
129,s129_3,129_10
129,s129_3,129_11
129,s129_3,129_12
129,s129_3,3_6
130,s130_0,130_0
130,s130_0,130_1
130,s130_1,130_2
130,s130_1,130_3
130,s130_1,130_4
130,s130_1,130_5
130,s130_1,130_6
130,s130_1,130_7
130,s130_2,130_8
130,s130_2,130_9
130,s130_2,130_10
130,s130_2,18_14
130,s130_3,69_10
131,s131_0,131_0
131,s131_0,131_1
131,s131_1,131_2
131,s131_1,131_3
131,s131_1,131_4
131,s131_1,131_5
131,s131_1,131_6
131,s131_1,24_4
131,s131_1,131_8
131,s131_1,131_9
131,s131_2,131_10
131,s131_2,131_11
131,s131_2,131_12
131,s131_2,131_13
132,s132_0,132_0
132,s132_0,54_1
132,s132_1,132_2
132,s132_1,132_3
132,s132_1,132_4
132,s132_1,132_5
132,s132_1,132_6
132,s132_1,132_7
132,s132_2,132_8
132,s132_2,132_9
132,s132_3,132_10
132,s132_3,132_11
132,s132_3,132_12
132,s132_3,132_13
132,s132_3,132_14
132,s132_3,132_15
132,s132_4,132_16
132,s132_4,132_17
132,s132_4,132_18
133,s133_0,133_0
133,s133_0,133_1
133,s133_0,133_2
133,s133_0,133_3
133,s133_0,133_4
133,s133_0,133_5
133,s133_1,133_6
133,s133_1,133_7
133,s133_1,133_8
133,s133_1,133_9
133,s133_2,133_10
133,s133_2,133_11
134,s134_0,45_0
134,s134_1,134_1
134,s134_1,134_2
134,s134_1,134_3
134,s134_1,134_4
134,s134_2,134_5
134,s134_2,134_6
134,s134_2,134_7
134,s134_3,134_8
134,s134_4,134_9
134,s134_4,134_10
134,s134_4,11_14
135,s135_0,135_0
135,s135_1,135_1
135,s135_2,135_2
135,s135_3,135_3
135,s135_3,135_4
135,s135_4,135_5
135,s135_4,135_6
135,s135_4,135_7
135,s135_5,135_8
135,s135_6,135_9
135,s135_6,135_10
135,s135_6,135_11
135,s135_6,135_12
135,s135_6,135_13
135,s135_7,80_10
136,s136_0,136_0
136,s136_0,136_1
136,s136_0,136_2
136,s136_1,136_3
136,s136_1,136_4
136,s136_1,136_5
136,s136_1,136_6
136,s136_1,136_7
136,s136_1,136_8
136,s136_2,136_9
136,s136_2,1_21
137,s137_0,137_0
137,s137_1,137_1
137,s137_1,137_2
137,s137_1,137_3
137,s137_2,137_4
137,s137_3,137_5
137,s137_3,137_6
137,s137_3,137_7
137,s137_4,137_8
137,s137_4,137_9
137,s137_5,137_10
137,s137_5,137_11
137,s137_5,137_12
137,s137_5,137_13
137,s137_5,137_14
137,s137_5,137_15
137,s137_5,137_16
137,s137_5,137_17
137,s137_6,137_18
137,s137_6,137_19
137,s137_6,137_20
137,s137_7,137_21
137,s137_7,137_22
137,s137_7,137_23
137,s137_7,137_24
137,s137_8,137_25
137,s137_8,137_26
137,s137_9,137_27
138,s138_0,138_0
138,s138_1,138_1
138,s138_1,138_2
138,s138_1,138_3
138,s138_1,138_4
138,s138_1,138_5
138,s138_2,138_6
138,s138_2,138_7
138,s138_2,138_8
138,s138_2,138_9
138,s138_2,138_10
138,s138_2,138_11
138,s138_3,138_12
138,s138_3,138_13
138,s138_4,138_14
138,s138_4,138_15
138,s138_4,138_16
138,s138_5,138_17
138,s138_5,138_18
138,s138_5,138_19
138,s138_6,138_20
138,s138_6,56_27
138,s138_6,56_28
139,s139_0,78_0
139,s139_1,139_1
139,s139_1,139_2
139,s139_1,139_3
139,s139_1,139_4
139,s139_2,81_9
139,s139_2,139_6
139,s139_2,139_7
139,s139_2,139_8
139,s139_2,139_9
139,s139_2,139_10
139,s139_3,139_11
139,s139_4,24_5
139,s139_4,139_13
139,s139_4,139_14
139,s139_4,139_15
139,s139_4,139_16
139,s139_5,139_17
139,s139_5,139_18
139,s139_5,123_12
139,s139_5,139_20
139,s139_6,139_21
139,s139_6,123_17
139,s139_6,139_23
139,s139_6,139_24
139,s139_6,18_14
139,s139_7,97_21
140,s140_0,140_0
140,s140_0,140_1
140,s140_0,140_2
140,s140_1,140_3
140,s140_1,140_4
140,s140_1,140_5
140,s140_2,140_6
140,s140_2,140_7
140,s140_2,140_8
140,s140_2,140_9
140,s140_2,140_10
140,s140_2,140_11
140,s140_2,140_12
140,s140_2,140_13
140,s140_2,140_14
140,s140_3,140_15
141,s141_0,12_0
141,s141_0,141_1
141,s141_0,141_2
141,s141_0,141_3
141,s141_0,141_4
141,s141_1,141_5
141,s141_1,141_6
141,s141_1,30_15
142,s142_0,11_0
142,s142_1,142_1
142,s142_1,142_2
142,s142_1,142_3
142,s142_1,142_4
142,s142_1,142_5
142,s142_1,142_6
142,s142_1,142_7
142,s142_2,142_8
142,s142_2,142_9
142,s142_2,142_10
142,s142_2,142_11
142,s142_2,142_12
142,s142_2,142_13
142,s142_3,142_14
142,s142_3,142_15
142,s142_3,14_21
142,s142_4,142_17
143,s143_0,143_0
143,s143_1,143_1
143,s143_1,143_2
143,s143_2,143_3
143,s143_2,143_4
143,s143_2,143_5
143,s143_2,143_6
143,s143_2,143_7
143,s143_2,143_8
143,s143_2,143_9
143,s143_2,143_10
143,s143_3,143_11
143,s143_3,143_12
144,s144_0,144_0
144,s144_1,144_1
144,s144_1,144_2
144,s144_1,144_3
144,s144_2,144_4
144,s144_3,144_5
144,s144_4,144_6
144,s144_4,144_7
144,s144_4,144_8
144,s144_4,144_9
144,s144_4,144_10
144,s144_5,144_11
144,s144_5,144_12
144,s144_5,144_13
144,s144_5,144_14
144,s144_6,144_15
144,s144_6,144_16
144,s144_6,144_17
144,s144_6,144_18
144,s144_7,144_19
144,s144_7,144_20
144,s144_7,144_21
144,s144_7,144_22
144,s144_8,144_23
145,s145_0,145_0
145,s145_0,145_1
145,s145_0,145_2
145,s145_0,145_3
145,s145_0,145_4
145,s145_0,145_5
145,s145_1,145_6
145,s145_2,125_8
146,s146_0,146_0
146,s146_1,146_1
146,s146_1,146_2
146,s146_1,146_3
146,s146_1,146_4
146,s146_1,146_5
146,s146_1,146_6
146,s146_1,146_7
146,s146_2,146_8
146,s146_2,146_9
146,s146_2,146_10
146,s146_3,146_11
146,s146_4,146_12
146,s146_4,146_13
146,s146_4,146_14
146,s146_5,146_15
146,s146_5,146_16
146,s146_5,146_17
146,s146_5,146_18
146,s146_5,18_14
146,s146_6,146_20
147,s147_0,147_0
147,s147_1,147_1
147,s147_1,147_2
147,s147_1,147_3
147,s147_1,147_4
147,s147_1,147_5
147,s147_2,147_6
147,s147_2,147_7
147,s147_2,147_8
147,s147_2,147_9
147,s147_3,147_10
147,s147_4,147_11
147,s147_5,147_12
147,s147_6,147_13
147,s147_6,147_14
147,s147_6,147_15
147,s147_6,147_16
147,s147_6,147_17
147,s147_7,147_18
147,s147_7,73_5
147,s147_7,81_8
147,s147_7,147_21
147,s147_7,147_22
147,s147_8,147_23
147,s147_8,147_24
147,s147_8,147_25
147,s147_8,147_26
147,s147_8,147_27
147,s147_9,147_28
147,s147_9,147_29
147,s147_9,147_30
147,s147_9,147_31
147,s147_10,147_32
147,s147_10,147_33
147,s147_11,147_34
147,s147_11,147_35
147,s147_11,147_36
147,s147_12,147_37
147,s147_12,147_38
147,s147_12,147_39
147,s147_12,147_40
147,s147_12,147_41
148,s148_0,89_0
148,s148_0,148_1
148,s148_0,148_2
148,s148_1,148_3
148,s148_2,148_4
148,s148_3,148_5
148,s148_3,148_6
148,s148_3,148_7
148,s148_3,148_8
148,s148_3,148_9
148,s148_3,148_10
148,s148_3,148_11
148,s148_3,89_10
149,s149_0,149_0
149,s149_1,149_1
149,s149_1,149_2
149,s149_1,149_3
149,s149_1,149_4
149,s149_1,149_5
149,s149_2,149_6
149,s149_2,149_7
149,s149_2,149_8
149,s149_2,149_9
149,s149_2,149_10
149,s149_2,4_15
150,s150_0,1_0
150,s150_0,150_1
150,s150_1,150_2
150,s150_1,150_3
150,s150_1,150_4
150,s150_1,18_14
150,s150_1,18_15
151,s151_0,151_0
151,s151_0,151_1
151,s151_1,151_2
151,s151_1,151_3
151,s151_1,151_4
151,s151_1,151_5
151,s151_1,151_6
151,s151_1,151_7
151,s151_1,151_8
151,s151_2,151_9
151,s151_2,151_10
151,s151_2,151_11
151,s151_2,151_12
151,s151_3,151_13
151,s151_3,151_14
151,s151_3,151_15
151,s151_4,151_16
151,s151_4,151_17
151,s151_4,14_21
151,s151_5,52_15
152,s152_0,152_0
152,s152_1,152_1
152,s152_1,152_2
152,s152_1,152_3
152,s152_1,152_4
152,s152_2,152_5
152,s152_2,152_6
152,s152_2,152_7
152,s152_3,152_8
152,s152_3,152_9
152,s152_3,152_10
152,s152_3,152_11
152,s152_3,152_12
152,s152_4,152_13
152,s152_4,152_14
152,s152_4,152_15
152,s152_5,152_16
152,s152_6,152_17
152,s152_6,152_18
152,s152_6,152_19
152,s152_6,81_9
152,s152_6,152_21
152,s152_6,152_22
152,s152_6,152_23
152,s152_6,152_24
152,s152_7,152_25
152,s152_7,152_26
152,s152_7,152_27
152,s152_7,152_28
152,s152_7,152_29
152,s152_7,152_30
152,s152_8,152_31
152,s152_9,152_32
152,s152_9,152_33
152,s152_9,152_34
152,s152_9,152_35
152,s152_10,30_15
153,s153_0,153_0
153,s153_1,153_1
153,s153_1,153_2
153,s153_2,153_3
153,s153_2,153_4
153,s153_2,153_5
153,s153_2,153_6
153,s153_2,153_7
153,s153_2,153_8
153,s153_2,153_9
153,s153_2,153_10
153,s153_2,153_11
153,s153_2,153_12
153,s153_3,153_13
153,s153_4,153_14
153,s153_4,153_15
153,s153_5,153_16
153,s153_6,153_17
153,s153_6,153_18
153,s153_7,153_19
153,s153_7,153_20
153,s153_7,153_21
154,s154_0,4_0
154,s154_0,154_1
154,s154_0,154_2
154,s154_0,154_3
154,s154_0,154_4
154,s154_0,154_5
154,s154_0,154_6
154,s154_0,154_7
154,s154_1,4_15
155,s155_0,121_0
155,s155_1,155_1
155,s155_1,155_2
155,s155_1,155_3
155,s155_1,155_4
155,s155_2,155_5
155,s155_2,155_6
155,s155_2,155_7
155,s155_2,155_8
155,s155_2,155_9
155,s155_2,155_10
155,s155_2,155_11
155,s155_2,155_12
155,s155_2,155_13
155,s155_3,155_14
155,s155_3,155_15
155,s155_3,155_16
155,s155_4,155_17
155,s155_5,155_18
155,s155_5,155_19
155,s155_6,155_20
155,s155_6,155_21
155,s155_7,155_22
155,s155_8,155_23
155,s155_8,155_24
155,s155_9,155_25
155,s155_9,155_26
155,s155_10,155_27
155,s155_10,155_28
156,s156_0,1_0
156,s156_0,156_1
156,s156_0,156_2
156,s156_0,156_3
156,s156_0,156_4
156,s156_0,156_5
156,s156_0,156_6
156,s156_0,156_7
156,s156_1,156_8
157,s157_0,1_0
157,s157_0,157_1
157,s157_0,157_2
157,s157_1,157_3
157,s157_1,157_4
157,s157_1,157_5
157,s157_1,157_6
157,s157_1,157_7
157,s157_1,56_21
157,s157_1,157_9
157,s157_1,157_10
157,s157_2,157_11
158,s158_0,158_0
158,s158_0,10_1
158,s158_1,158_2
158,s158_1,158_3
158,s158_1,158_4
158,s158_1,158_5
158,s158_1,158_6
158,s158_1,158_7
158,s158_2,158_8
158,s158_2,158_9
158,s158_3,158_10
158,s158_3,158_11
158,s158_3,158_12
158,s158_4,158_13
158,s158_4,158_14
158,s158_4,59_20
159,s159_0,109_0
159,s159_1,159_1
159,s159_1,159_2
159,s159_1,159_3
159,s159_1,159_4
159,s159_1,159_5
159,s159_1,159_6
159,s159_1,159_7
159,s159_2,159_8
159,s159_2,159_9
159,s159_2,159_10
159,s159_2,159_11
159,s159_3,159_12
159,s159_3,159_13
159,s159_4,159_14
159,s159_4,159_15
159,s159_4,159_16
160,s160_0,160_0
160,s160_0,160_1
160,s160_1,160_2
160,s160_1,160_3
160,s160_1,160_4
160,s160_1,160_5
160,s160_1,160_6
160,s160_1,160_7
160,s160_1,160_8
160,s160_2,160_9
160,s160_2,160_10
160,s160_2,160_11
161,s161_0,161_0
161,s161_1,161_1
161,s161_1,161_2
161,s161_1,161_3
161,s161_1,132_4
161,s161_1,161_5
161,s161_1,161_6
161,s161_1,161_7
161,s161_1,161_8
161,s161_1,161_9
161,s161_1,161_10
161,s161_1,161_11
161,s161_1,161_12
161,s161_1,161_13
161,s161_1,161_14
161,s161_2,161_15
161,s161_3,161_16
161,s161_3,161_17
161,s161_4,161_18
161,s161_4,161_19
161,s161_4,161_20
161,s161_4,161_21
161,s161_4,161_22
161,s161_5,161_23
161,s161_5,161_24
161,s161_5,161_25
161,s161_6,161_26
161,s161_6,161_27
161,s161_7,161_28
162,s162_0,162_0
162,s162_0,162_1
162,s162_0,162_2
162,s162_0,162_3
162,s162_1,162_4
162,s162_1,162_5
162,s162_1,162_6
162,s162_2,162_7
162,s162_2,18_14
162,s162_3,69_10
163,s163_0,45_0
163,s163_0,163_1
163,s163_0,163_2
163,s163_0,163_3
163,s163_0,163_4
163,s163_0,163_5
163,s163_0,163_6
163,s163_0,163_7
163,s163_1,163_8
163,s163_1,163_9
163,s163_1,163_10
163,s163_2,163_11
163,s163_3,163_12
163,s163_3,163_13
163,s163_3,163_14
163,s163_3,163_15
163,s163_3,11_14
164,s164_0,164_0
164,s164_0,164_1
164,s164_0,164_2
164,s164_0,164_3
164,s164_0,164_4
164,s164_0,164_5
164,s164_0,164_6
164,s164_0,164_7
164,s164_0,164_8
164,s164_1,164_9
164,s164_1,164_10
164,s164_1,164_11
164,s164_2,164_12
165,s165_0,1_0
165,s165_0,165_1
165,s165_0,165_2
165,s165_1,165_3
165,s165_1,165_4
165,s165_2,165_5
165,s165_2,165_6
165,s165_2,165_7
165,s165_3,165_8
165,s165_3,165_9
165,s165_4,165_10
165,s165_5,165_11
165,s165_5,165_12
166,s166_0,166_0
166,s166_1,166_1
166,s166_1,166_2
166,s166_1,166_3
166,s166_2,166_4
166,s166_2,166_5
166,s166_2,166_6
166,s166_2,166_7
166,s166_2,166_8
166,s166_3,166_9
166,s166_3,166_10
166,s166_4,166_11
166,s166_4,166_12
166,s166_4,166_13
166,s166_5,101_12
167,s167_0,167_0
167,s167_1,167_1
167,s167_1,167_2
167,s167_1,167_3
167,s167_1,167_4
167,s167_1,167_5
167,s167_1,167_6
167,s167_1,167_7
167,s167_1,167_8
167,s167_2,167_9
167,s167_2,167_10
167,s167_2,167_11
167,s167_2,167_12
167,s167_2,167_13
167,s167_2,167_14
167,s167_3,167_15
167,s167_3,167_16
167,s167_3,167_17
167,s167_4,167_18
168,s168_0,168_0
168,s168_1,168_1
168,s168_1,168_2
168,s168_1,168_3
168,s168_1,168_4
168,s168_1,168_5
168,s168_1,168_6
168,s168_1,168_7
168,s168_2,168_8
168,s168_2,168_9
168,s168_2,168_10
168,s168_2,168_11
169,s169_0,169_0
169,s169_0,169_1
169,s169_0,169_2
169,s169_0,169_3
169,s169_0,169_4
169,s169_0,169_5
169,s169_1,169_6
169,s169_1,169_7
169,s169_1,169_8
169,s169_1,169_9
169,s169_1,169_10
169,s169_1,169_11
169,s169_2,169_12
169,s169_2,169_13
169,s169_3,169_14
169,s169_4,169_15
169,s169_5,169_16
169,s169_5,169_17
169,s169_6,169_18
170,s170_0,170_0
170,s170_1,170_1
170,s170_1,170_2
170,s170_1,170_3
170,s170_1,170_4
170,s170_1,170_5
170,s170_1,170_6
170,s170_1,170_7
170,s170_1,170_8
170,s170_2,170_9
170,s170_2,170_10
170,s170_2,170_11
170,s170_3,170_12
170,s170_3,170_13
170,s170_3,170_14
170,s170_3,170_15
170,s170_3,170_16
170,s170_4,11_14
170,s170_4,16_23
171,s171_0,1_0
171,s171_0,171_1
171,s171_0,171_2
171,s171_0,171_3
171,s171_0,171_4
171,s171_0,171_5
171,s171_1,171_6
172,s172_0,172_0
172,s172_0,172_1
172,s172_0,172_2
172,s172_0,172_3
172,s172_0,172_4
172,s172_0,172_5
172,s172_0,172_6
172,s172_1,172_7
173,s173_0,173_0
173,s173_1,173_1
173,s173_1,117_2
173,s173_1,117_3
173,s173_1,117_4
173,s173_1,173_5
173,s173_1,173_6
173,s173_1,173_7
173,s173_1,173_8
173,s173_1,173_9
173,s173_2,24_4
173,s173_2,173_11
173,s173_2,173_12
173,s173_3,173_13
173,s173_3,81_6
173,s173_4,173_15
173,s173_4,173_16
173,s173_4,52_14
173,s173_5,117_18
174,s174_0,12_0
174,s174_0,174_1
174,s174_0,10_1
174,s174_0,174_3
174,s174_1,174_4
174,s174_2,174_5
174,s174_2,174_6
174,s174_2,174_7
174,s174_2,174_8
174,s174_2,174_9
174,s174_2,174_10
174,s174_3,174_11
174,s174_3,174_12
174,s174_3,174_13
174,s174_3,174_14
174,s174_3,174_15
174,s174_4,174_16
174,s174_4,174_17
174,s174_5,174_18
175,s175_0,175_0
175,s175_1,175_1
175,s175_1,175_2
175,s175_1,175_3
175,s175_2,175_4
175,s175_2,175_5
175,s175_2,175_6
175,s175_3,175_7
175,s175_3,175_8
175,s175_3,175_9
175,s175_3,175_10
175,s175_3,175_11
175,s175_3,175_12
175,s175_3,175_13
175,s175_3,175_14
175,s175_3,175_15
175,s175_3,175_16
175,s175_3,175_17
175,s175_4,175_18
175,s175_4,175_19
175,s175_4,175_20
175,s175_5,175_21
175,s175_5,175_22
175,s175_6,175_23
176,s176_0,176_0
176,s176_0,70_1
176,s176_1,176_2
176,s176_1,176_3
176,s176_1,176_4
176,s176_2,176_5
176,s176_3,176_6
176,s176_3,176_7
176,s176_4,176_8
176,s176_5,176_9
176,s176_5,176_10
176,s176_5,176_11
176,s176_5,176_12
176,s176_5,176_13
176,s176_5,176_14
176,s176_5,176_15
176,s176_5,176_16
176,s176_6,176_17
176,s176_7,176_18
176,s176_7,176_19
176,s176_8,176_20
176,s176_8,176_21
176,s176_9,176_22
176,s176_9,176_23
176,s176_9,176_24
176,s176_9,176_25
176,s176_10,176_26
176,s176_10,70_13
176,s176_11,176_28
177,s177_0,177_0
177,s177_0,177_1
177,s177_0,177_2
177,s177_0,177_3
177,s177_0,177_4
177,s177_0,177_5
177,s177_0,177_6
177,s177_0,177_7
177,s177_1,177_8
177,s177_1,177_9
177,s177_1,177_10
177,s177_2,177_11
177,s177_2,177_12
177,s177_2,177_13
177,s177_2,177_14
177,s177_2,177_15
177,s177_3,177_16
177,s177_3,177_17
177,s177_4,177_18
177,s177_4,177_19
177,s177_5,5_13
178,s178_0,178_0
178,s178_0,178_1
178,s178_1,178_2
178,s178_1,178_3
178,s178_1,178_4
178,s178_1,178_5
178,s178_1,178_6
178,s178_1,178_7
178,s178_1,178_8
178,s178_1,178_9
179,s179_0,179_0
179,s179_0,179_1
179,s179_0,179_2
179,s179_0,179_3
179,s179_1,179_4
179,s179_1,179_5
179,s179_1,179_6
179,s179_1,179_7
179,s179_2,179_8
179,s179_2,179_9
179,s179_2,179_10
179,s179_2,179_11
179,s179_3,179_12
179,s179_3,179_13
179,s179_3,179_14
179,s179_3,179_15
179,s179_4,179_16
179,s179_4,179_17
180,s180_0,180_0
180,s180_0,180_1
180,s180_0,180_2
180,s180_0,180_3
180,s180_0,180_4
180,s180_1,180_5
180,s180_1,180_6
180,s180_1,180_7
180,s180_1,180_8
180,s180_1,180_9
180,s180_2,180_10
180,s180_2,180_11
180,s180_2,24_21
181,s181_0,181_0
181,s181_0,71_1
181,s181_0,181_2
181,s181_0,181_3
181,s181_0,181_4
181,s181_0,181_5
181,s181_1,181_6
181,s181_1,181_7
181,s181_2,181_8
181,s181_2,181_9
181,s181_2,181_10
181,s181_2,9_10
181,s181_2,181_12
182,s182_0,1_0
182,s182_0,182_1
182,s182_0,182_2
182,s182_0,182_3
182,s182_0,182_4
182,s182_1,182_5
182,s182_2,182_6
182,s182_2,182_7
182,s182_2,182_8
182,s182_3,182_9
182,s182_4,182_10
182,s182_4,182_11
182,s182_4,182_12
182,s182_4,182_13
182,s182_4,24_4
182,s182_4,182_15
182,s182_5,182_16
182,s182_5,182_17
182,s182_6,182_18
182,s182_7,88_34
183,s183_0,183_0
183,s183_0,183_1
183,s183_0,183_2
183,s183_1,183_3
183,s183_1,183_4
183,s183_1,183_5
183,s183_2,183_6
183,s183_2,80_2
183,s183_2,52_2
183,s183_2,183_9
183,s183_2,183_10
183,s183_3,183_11
183,s183_3,183_12
183,s183_3,183_13
183,s183_3,183_14
183,s183_3,183_15
183,s183_4,183_16
183,s183_4,183_17
183,s183_4,183_18
183,s183_4,183_19
183,s183_4,183_20
183,s183_4,183_21
183,s183_5,11_14
183,s183_5,16_23
184,s184_0,184_0
184,s184_1,184_1
184,s184_2,184_2
184,s184_3,184_3
184,s184_3,184_4
184,s184_3,184_5
184,s184_3,184_6
184,s184_3,184_7
184,s184_3,184_8
184,s184_3,103_12
184,s184_3,184_10
184,s184_3,184_11
184,s184_3,184_12
184,s184_3,184_13
184,s184_3,184_14
184,s184_3,184_15
184,s184_4,184_16
184,s184_5,184_17
184,s184_5,184_18
184,s184_5,184_19
184,s184_5,184_20
184,s184_6,184_21
184,s184_7,184_22
184,s184_8,184_23
184,s184_8,184_24
184,s184_8,184_25
184,s184_9,184_26
184,s184_9,184_27
184,s184_9,184_28
184,s184_10,163_13
184,s184_10,184_30
184,s184_11,11_14
184,s184_11,52_15
185,s185_0,185_0
185,s185_1,185_1
185,s185_2,185_2
185,s185_2,185_3
185,s185_3,185_4
185,s185_3,185_5
185,s185_4,185_6
185,s185_4,185_7
185,s185_5,185_8
185,s185_5,185_9
185,s185_6,185_10
185,s185_6,185_11
185,s185_7,185_12
185,s185_7,185_13
185,s185_7,185_14
185,s185_7,185_15
185,s185_7,185_16
185,s185_7,185_17
185,s185_7,185_18
185,s185_7,185_19
185,s185_7,185_20
185,s185_7,24_5
185,s185_7,185_22
185,s185_7,185_23
185,s185_7,185_24
185,s185_7,185_25
185,s185_8,185_26
185,s185_8,185_27
185,s185_9,185_28
185,s185_9,185_29
185,s185_10,185_30
185,s185_10,185_31
185,s185_10,185_32
185,s185_10,185_33
185,s185_11,185_34
185,s185_11,185_35
185,s185_11,185_36
186,s186_0,186_0
186,s186_1,186_1
186,s186_1,186_2
186,s186_2,186_3
186,s186_2,186_4
186,s186_2,186_5
186,s186_3,186_6
186,s186_3,186_7
186,s186_3,186_8
186,s186_3,186_9
186,s186_3,186_10
186,s186_4,186_11
186,s186_5,186_12
186,s186_5,186_13
186,s186_6,186_14
186,s186_7,186_15
186,s186_7,186_16
186,s186_7,186_17
186,s186_7,186_18
186,s186_7,186_19
186,s186_7,186_20
186,s186_8,186_21
186,s186_9,34_14
187,s187_0,80_0
187,s187_1,187_1
187,s187_1,187_2
187,s187_1,187_3
187,s187_1,187_4
187,s187_1,187_5
187,s187_1,187_6
187,s187_1,187_7
187,s187_1,80_10
188,s188_0,1_0
188,s188_0,188_1
188,s188_0,188_2
188,s188_0,188_3
188,s188_0,188_4
188,s188_1,188_5
188,s188_1,188_6
188,s188_2,188_7
188,s188_2,188_8
188,s188_2,188_9
188,s188_2,188_10
188,s188_3,188_11
188,s188_3,188_12
188,s188_3,188_13
188,s188_3,188_14
188,s188_3,188_15
188,s188_4,171_6
189,s189_0,88_0
189,s189_1,189_1
189,s189_1,189_2
189,s189_2,189_3
189,s189_3,189_4
189,s189_3,189_5
189,s189_4,189_6
189,s189_4,189_7
189,s189_5,189_8
189,s189_5,189_9
189,s189_6,189_10
189,s189_6,189_11
189,s189_6,185_16
189,s189_6,189_13
189,s189_6,189_14
189,s189_6,189_15
189,s189_6,189_16
189,s189_7,189_17
189,s189_7,189_18
189,s189_7,73_5
189,s189_7,189_20
189,s189_7,98_8
189,s189_8,189_22
189,s189_9,189_23
189,s189_10,189_24
189,s189_10,189_25
189,s189_11,189_26
189,s189_11,189_27
189,s189_11,189_28
189,s189_11,189_29
189,s189_11,88_33
189,s189_12,88_34
190,s190_0,190_0
190,s190_0,71_1
190,s190_0,190_2
190,s190_0,190_3
190,s190_0,190_4
190,s190_0,190_5
190,s190_0,190_6
190,s190_0,9_10
190,s190_1,9_11
191,s191_0,191_0
191,s191_0,191_1
191,s191_1,191_2
191,s191_1,191_3
191,s191_1,191_4
191,s191_1,184_17
191,s191_1,191_6
191,s191_1,191_7
191,s191_2,191_8
191,s191_3,191_9
191,s191_3,191_10
191,s191_4,191_11
191,s191_4,191_12
191,s191_4,191_13
191,s191_4,191_14
191,s191_5,191_15
191,s191_5,191_16
191,s191_5,191_17
191,s191_5,191_18
191,s191_5,191_19
191,s191_6,191_20
191,s191_6,191_21
191,s191_6,191_22
191,s191_6,191_23
191,s191_7,191_24
191,s191_8,191_25
191,s191_8,191_26
192,s192_0,192_0
192,s192_1,192_1
192,s192_2,192_2
192,s192_2,192_3
192,s192_2,192_4
192,s192_2,192_5
192,s192_3,192_6
192,s192_3,192_7
192,s192_4,192_8
192,s192_4,192_9
192,s192_4,192_10
192,s192_5,192_11
192,s192_5,192_12
192,s192_5,192_13
192,s192_5,192_14
192,s192_5,192_15
192,s192_6,192_16
192,s192_6,192_17
192,s192_7,192_18
192,s192_7,11_14
193,s193_0,12_0
193,s193_0,193_1
193,s193_0,193_2
193,s193_0,193_3
193,s193_0,193_4
193,s193_0,193_5
193,s193_0,193_6
193,s193_1,193_7
193,s193_1,193_8
193,s193_1,193_9
193,s193_1,193_10
193,s193_1,52_14
193,s193_2,193_12
194,s194_0,194_0
194,s194_1,194_1
194,s194_1,194_2
194,s194_1,194_3
194,s194_2,194_4
194,s194_3,194_5
194,s194_4,194_6
194,s194_4,194_7
194,s194_4,194_8
194,s194_4,194_9
194,s194_5,194_10
194,s194_5,194_11
194,s194_5,194_12
194,s194_5,194_13
194,s194_5,194_14
194,s194_5,194_15
194,s194_5,194_16
194,s194_6,194_17
194,s194_6,194_18
194,s194_6,194_19
194,s194_6,194_20
194,s194_6,194_21
194,s194_7,194_22
195,s195_0,1_0
195,s195_0,195_1
195,s195_0,195_2
195,s195_1,195_3
195,s195_1,195_4
195,s195_1,195_5
195,s195_1,195_6
195,s195_1,195_7
195,s195_1,195_8
195,s195_2,195_9
195,s195_2,195_10
195,s195_3,195_11
195,s195_3,195_12
195,s195_3,18_14
195,s195_4,18_15
196,s196_0,196_0
196,s196_1,196_1
196,s196_1,196_2
196,s196_1,196_3
196,s196_1,196_4
196,s196_1,196_5
196,s196_2,196_6
196,s196_2,196_7
196,s196_2,196_8
196,s196_2,196_9
196,s196_2,196_10
196,s196_2,196_11
196,s196_3,196_12
196,s196_3,196_13
196,s196_3,196_14
197,s197_0,197_0
197,s197_1,197_1
197,s197_2,197_2
197,s197_3,197_3
197,s197_3,197_4
197,s197_4,197_5
197,s197_4,197_6
197,s197_4,197_7
197,s197_4,197_8
197,s197_5,197_9
197,s197_5,197_10
197,s197_6,197_11
197,s197_6,197_12
197,s197_6,197_13
197,s197_6,197_14
197,s197_7,197_15
197,s197_7,197_16
197,s197_7,197_17
197,s197_7,197_18
197,s197_7,197_19
197,s197_7,197_20
197,s197_7,197_21
197,s197_8,197_22
197,s197_8,197_23
197,s197_8,197_24
198,s198_0,161_0
198,s198_0,198_1
198,s198_1,198_2
198,s198_1,198_3
198,s198_1,198_4
198,s198_1,198_5
198,s198_1,198_6
198,s198_1,198_7
198,s198_1,198_8
198,s198_1,198_9
198,s198_1,198_10
198,s198_2,198_11
198,s198_2,198_12
198,s198_3,198_13
198,s198_3,198_14
198,s198_4,198_15
199,s199_0,199_0
199,s199_0,199_1
199,s199_0,199_2
199,s199_0,199_3
199,s199_1,199_4
199,s199_1,199_5
199,s199_1,199_6
199,s199_1,199_7
199,s199_1,199_8
199,s199_2,199_9
199,s199_2,199_10
199,s199_2,199_11
199,s199_2,199_12
200,s200_0,200_0
200,s200_1,200_1
200,s200_2,200_2
200,s200_2,200_3
200,s200_2,184_17
200,s200_2,200_5
200,s200_2,200_6
200,s200_2,73_5
200,s200_2,24_11
200,s200_2,106_6
200,s200_2,200_10
200,s200_3,200_11
200,s200_3,200_12
200,s200_3,200_13
200,s200_3,200_14
201,s201_0,201_0
201,s201_1,201_1
201,s201_1,201_2
201,s201_1,201_3
201,s201_1,201_4
201,s201_1,201_5
201,s201_1,201_6
201,s201_1,201_7
201,s201_1,201_8
201,s201_1,201_9
201,s201_1,201_10
201,s201_1,201_11
201,s201_2,201_12
201,s201_3,201_13
201,s201_3,201_14
201,s201_4,201_15
201,s201_4,201_16
201,s201_4,201_17
201,s201_4,201_18
201,s201_4,201_19
201,s201_4,201_20
201,s201_5,11_14
202,s202_0,202_0
202,s202_1,202_1
202,s202_2,202_2
202,s202_2,202_3
202,s202_2,202_4
202,s202_2,202_5
202,s202_2,202_6
202,s202_2,202_7
202,s202_2,202_8
202,s202_2,202_9
202,s202_2,202_10
202,s202_2,202_11
202,s202_2,202_12
202,s202_2,202_13
202,s202_3,202_14
202,s202_4,202_15
202,s202_5,202_16
202,s202_5,202_17
202,s202_5,11_14
202,s202_5,16_23
203,s203_0,12_0
203,s203_0,203_1
203,s203_0,203_2
203,s203_0,203_3
203,s203_0,65_6
203,s203_0,203_5
203,s203_0,203_6
203,s203_0,203_7
203,s203_0,203_8
203,s203_0,203_9
203,s203_1,63_7
204,s204_0,204_0
204,s204_0,204_1
204,s204_0,24_9
204,s204_0,204_3
204,s204_0,204_4
204,s204_0,204_5
204,s204_1,204_6
204,s204_1,204_7
204,s204_1,204_8
204,s204_1,204_9
204,s204_1,204_10
204,s204_2,24_21
205,s205_0,205_0
205,s205_1,205_1
205,s205_1,205_2
205,s205_1,205_3
205,s205_1,205_4
205,s205_1,205_5
205,s205_1,205_6
205,s205_2,205_7
205,s205_2,205_8
205,s205_2,56_27
205,s205_3,56_28
206,s206_0,206_0
206,s206_0,206_1
206,s206_1,206_2
206,s206_1,206_3
206,s206_1,44_4
206,s206_1,206_5
206,s206_1,206_6
206,s206_1,24_21
207,s207_0,207_0
207,s207_0,10_1
207,s207_1,207_2
207,s207_1,207_3
207,s207_1,207_4
207,s207_1,207_5
207,s207_1,207_6
207,s207_1,207_7
207,s207_2,207_8
207,s207_2,207_9
207,s207_2,207_10
207,s207_2,207_11
207,s207_2,207_12
207,s207_2,207_13
207,s207_2,207_14
207,s207_3,207_15
207,s207_4,207_16
207,s207_4,207_17
207,s207_4,207_18
207,s207_4,84_18
207,s207_5,108_20
208,s208_0,208_0
208,s208_0,208_1
208,s208_0,208_2
208,s208_1,208_3
208,s208_2,208_4
208,s208_2,208_5
208,s208_2,24_17
208,s208_2,208_7
208,s208_2,208_8
208,s208_2,208_9
208,s208_2,208_10
208,s208_2,6_12
209,s209_0,1_0
209,s209_0,209_1
209,s209_0,209_2
209,s209_0,209_3
209,s209_1,209_4
209,s209_1,209_5
209,s209_1,209_6
209,s209_1,209_7
209,s209_1,209_8
209,s209_1,209_9
209,s209_2,209_10
209,s209_2,209_11
209,s209_2,209_12
209,s209_3,209_13
209,s209_3,209_14
209,s209_4,209_15
209,s209_4,144_23
210,s210_0,210_0
210,s210_1,72_1
210,s210_1,210_2
210,s210_2,210_3
210,s210_3,210_4
210,s210_3,210_5
210,s210_3,210_6
210,s210_3,210_7
210,s210_3,210_8
210,s210_3,210_9
210,s210_4,210_10
210,s210_4,210_11
210,s210_4,1_19
210,s210_4,1_20
210,s210_4,1_21
211,s211_0,211_0
211,s211_1,211_1
211,s211_2,211_2
211,s211_3,211_3
211,s211_3,211_4
211,s211_3,211_5
211,s211_3,211_6
211,s211_3,211_7
211,s211_3,211_8
211,s211_3,211_9
211,s211_4,211_10
211,s211_4,211_11
211,s211_4,211_12
211,s211_4,113_15
211,s211_4,211_14
211,s211_4,113_18
211,s211_5,211_16
211,s211_5,211_17
211,s211_5,211_18
211,s211_5,211_19
211,s211_6,211_20
212,s212_0,212_0
212,s212_0,212_1
212,s212_0,212_2
212,s212_0,212_3
212,s212_0,212_4
212,s212_1,212_5
212,s212_1,212_6
212,s212_1,212_7
212,s212_1,212_8
212,s212_1,212_9
212,s212_1,212_10
212,s212_1,212_11
212,s212_1,212_12
212,s212_2,212_13
212,s212_2,212_14
212,s212_3,212_15
213,s213_0,89_0
213,s213_0,213_1
213,s213_1,213_2
213,s213_2,213_3
213,s213_2,213_4
213,s213_3,213_5
213,s213_3,213_6
213,s213_3,213_7
213,s213_3,213_8
213,s213_4,213_9
213,s213_4,213_10
213,s213_4,213_11
213,s213_4,213_12
213,s213_5,213_13
213,s213_5,148_11
213,s213_6,89_10
214,s214_0,214_0
214,s214_1,214_1
214,s214_1,214_2
214,s214_1,214_3
214,s214_1,214_4
214,s214_1,214_5
214,s214_1,214_6
214,s214_2,214_7
214,s214_2,214_8
214,s214_3,214_9
215,s215_0,1_0
215,s215_0,215_1
215,s215_0,215_2
215,s215_0,215_3
215,s215_0,215_4
215,s215_1,215_5
215,s215_1,215_6
215,s215_2,215_7
215,s215_2,215_8
215,s215_2,215_9
215,s215_2,215_10
215,s215_3,215_11
215,s215_4,215_12
215,s215_5,215_13
215,s215_5,215_14
215,s215_6,215_15
215,s215_6,215_16
215,s215_6,215_17
215,s215_7,215_18
215,s215_7,215_19
215,s215_7,215_20
215,s215_7,215_21
215,s215_7,215_22
215,s215_8,215_23
215,s215_8,215_24
215,s215_8,215_25
215,s215_8,215_26
215,s215_8,215_27
215,s215_8,215_28
215,s215_8,215_29
215,s215_8,215_30
215,s215_9,215_31
216,s216_0,216_0
216,s216_1,216_1
216,s216_1,216_2
216,s216_1,216_3
216,s216_2,216_4
216,s216_2,216_5
216,s216_2,216_6
216,s216_2,216_7
216,s216_2,216_8
216,s216_2,216_9
216,s216_2,216_10
216,s216_3,216_11
216,s216_3,216_12
216,s216_3,2_10
217,s217_0,217_0
217,s217_0,180_1
217,s217_0,217_2
217,s217_0,217_3
217,s217_0,217_4
217,s217_1,217_5
217,s217_1,217_6
217,s217_1,217_7
217,s217_1,217_8
217,s217_1,217_9
217,s217_1,217_10
218,s218_0,218_0
218,s218_0,70_1
218,s218_1,218_2
218,s218_1,218_3
218,s218_1,218_4
218,s218_1,218_5
218,s218_1,218_6
218,s218_1,218_7
218,s218_1,218_8
218,s218_1,218_9
218,s218_1,218_10
218,s218_1,218_11
218,s218_2,18_14
218,s218_2,218_13
219,s219_0,219_0
219,s219_0,219_1
219,s219_0,219_2
219,s219_0,219_3
219,s219_0,219_4
219,s219_1,219_5
219,s219_1,219_6
219,s219_1,219_7
219,s219_2,219_8
219,s219_2,219_9
219,s219_2,219_10
219,s219_2,219_11
219,s219_2,219_12
219,s219_3,219_13
219,s219_3,219_14
219,s219_3,219_15
219,s219_4,219_16
219,s219_4,219_17
219,s219_5,219_18
219,s219_6,219_19
220,s220_0,220_0
220,s220_1,220_1
220,s220_1,220_2
220,s220_1,220_3
220,s220_2,220_4
220,s220_2,220_5
220,s220_2,220_6
220,s220_2,220_7
220,s220_3,220_8
220,s220_3,220_9
220,s220_4,220_10
220,s220_4,220_11
220,s220_5,220_12
220,s220_6,220_13
221,s221_0,221_0
221,s221_0,10_1
221,s221_0,174_3
221,s221_1,221_3
221,s221_1,221_4
221,s221_1,221_5
221,s221_1,221_6
221,s221_2,221_7
221,s221_2,221_8
221,s221_2,221_9
221,s221_2,221_10
221,s221_2,221_11
221,s221_3,221_12
221,s221_4,221_13
221,s221_4,221_14
221,s221_5,221_15
221,s221_5,221_16
221,s221_5,221_17
221,s221_5,221_18
221,s221_5,221_19
221,s221_5,221_20
221,s221_5,221_21
221,s221_6,221_22
221,s221_6,221_23
221,s221_6,221_24
221,s221_7,221_25
221,s221_7,174_17
221,s221_8,174_18
222,s222_0,4_0
222,s222_0,222_1
222,s222_0,222_2
222,s222_0,222_3
222,s222_0,222_4
222,s222_1,222_5
222,s222_1,222_6
222,s222_1,222_7
222,s222_1,222_8
222,s222_1,222_9
222,s222_1,4_15
223,s223_0,223_0
223,s223_1,223_1
223,s223_1,223_2
223,s223_1,223_3
223,s223_1,223_4
223,s223_1,223_5
223,s223_2,223_6
223,s223_2,223_7
223,s223_2,223_8
223,s223_2,223_9
223,s223_2,223_10
223,s223_3,223_11
223,s223_3,18_14
223,s223_3,223_13
224,s224_0,224_0
224,s224_0,224_1
224,s224_0,224_2
224,s224_1,224_3
224,s224_2,224_4
224,s224_2,224_5
224,s224_2,224_6
224,s224_2,224_7
224,s224_2,224_8
224,s224_3,224_9
224,s224_3,224_10
224,s224_3,224_11
224,s224_4,224_12
224,s224_4,224_13
224,s224_4,224_14
224,s224_4,224_15
224,s224_4,224_16
224,s224_4,224_17
224,s224_4,224_18
224,s224_4,14_21
224,s224_5,224_20
225,s225_0,225_0
225,s225_1,225_1
225,s225_2,225_2
225,s225_2,225_3
225,s225_2,225_4
225,s225_2,225_5
225,s225_2,225_6
225,s225_2,225_7
225,s225_3,225_8
225,s225_3,225_9
225,s225_3,225_10
225,s225_3,225_11
225,s225_3,225_12
225,s225_3,225_13
225,s225_4,225_14
225,s225_4,52_15
226,s226_0,226_0
226,s226_0,226_1
226,s226_1,226_2
226,s226_2,226_3
226,s226_2,226_4
226,s226_2,226_5
226,s226_2,226_6
226,s226_2,226_7
226,s226_2,226_8
226,s226_2,226_9
226,s226_3,226_10
226,s226_3,226_11
226,s226_3,14_21
226,s226_3,226_13
227,s227_0,54_1
227,s227_1,227_1
227,s227_1,227_2
227,s227_1,227_3
227,s227_1,227_4
227,s227_1,227_5
227,s227_1,227_6
227,s227_2,227_7
227,s227_2,227_8
227,s227_2,227_9
227,s227_3,227_10
227,s227_4,227_11
227,s227_4,227_12
227,s227_4,227_13
227,s227_5,227_14
228,s228_0,228_0
228,s228_0,228_1
228,s228_1,228_2
228,s228_1,228_3
228,s228_1,228_4
228,s228_2,228_5
228,s228_2,228_6
228,s228_2,228_7
228,s228_3,228_8
228,s228_3,228_9
228,s228_4,228_10
228,s228_5,228_11
228,s228_5,228_12
228,s228_5,228_13
228,s228_6,228_14
228,s228_6,228_15
228,s228_7,228_16
228,s228_7,228_17
228,s228_7,228_18
228,s228_7,189_28
228,s228_7,228_20
228,s228_7,228_21
229,s229_0,12_0
229,s229_0,229_1
229,s229_1,229_2
229,s229_1,229_3
229,s229_1,229_4
229,s229_2,229_5
229,s229_3,229_6
229,s229_3,229_7
229,s229_3,229_8
229,s229_3,229_9
229,s229_3,229_10
229,s229_3,229_11
229,s229_4,31_20
229,s229_4,88_34
230,s230_0,230_0
230,s230_1,230_1
230,s230_1,230_2
230,s230_1,230_3
230,s230_1,230_4
230,s230_1,230_5
230,s230_2,230_6
230,s230_2,230_7
230,s230_2,230_8
230,s230_2,230_9
230,s230_2,230_10
230,s230_3,230_11
230,s230_3,230_12
230,s230_3,230_13
230,s230_3,230_14
230,s230_3,230_15
230,s230_3,230_16
230,s230_4,4_15
231,s231_0,1_0
231,s231_0,54_1
231,s231_1,231_2
231,s231_1,231_3
231,s231_1,231_4
231,s231_2,231_5
231,s231_2,231_6
231,s231_2,231_7
231,s231_3,231_8
231,s231_4,231_9
231,s231_4,231_10
231,s231_4,231_11
231,s231_5,231_12
231,s231_5,231_13
231,s231_5,231_14
231,s231_5,231_15
231,s231_5,231_16
231,s231_5,231_17
231,s231_6,88_34
232,s232_0,1_0
232,s232_0,232_1
232,s232_1,232_2
232,s232_1,232_3
232,s232_2,232_4
232,s232_2,232_5
232,s232_2,232_6
232,s232_3,232_7
232,s232_3,232_8
232,s232_3,232_9
232,s232_3,232_10
232,s232_3,232_11
232,s232_4,232_12
232,s232_4,232_13
232,s232_5,14_21
232,s232_5,232_15
233,s233_0,191_0
233,s233_1,233_1
233,s233_1,233_2
233,s233_1,233_3
233,s233_1,233_4
233,s233_1,233_5
233,s233_1,233_6
233,s233_1,233_7
233,s233_1,233_8
233,s233_1,233_9
233,s233_2,233_10
233,s233_3,233_11
233,s233_3,233_12
233,s233_4,233_13
233,s233_4,233_14
233,s233_5,233_15
233,s233_5,233_16
233,s233_5,3_6
234,s234_0,234_0
234,s234_0,234_1
234,s234_1,234_2
234,s234_1,234_3
234,s234_1,234_4
234,s234_1,234_5
234,s234_1,234_6
234,s234_2,234_7
234,s234_2,234_8
234,s234_2,234_9
234,s234_2,234_10
234,s234_2,234_11
235,s235_0,12_0
235,s235_1,235_1
235,s235_1,235_2
235,s235_1,235_3
235,s235_2,235_4
235,s235_2,235_5
235,s235_2,235_6
235,s235_3,235_7
235,s235_3,235_8
235,s235_3,235_9
235,s235_3,235_10
235,s235_4,235_11
235,s235_4,235_12
235,s235_4,235_13
235,s235_4,235_14
235,s235_4,235_15
235,s235_5,52_14
235,s235_5,52_15
236,s236_0,12_0
236,s236_0,236_1
236,s236_0,236_2
236,s236_1,236_3
236,s236_1,236_4
236,s236_2,236_5
236,s236_2,236_6
236,s236_2,236_7
236,s236_3,236_8
236,s236_3,236_9
236,s236_3,236_10
236,s236_4,236_11
237,s237_0,237_0
237,s237_1,237_1
237,s237_1,211_5
237,s237_2,237_3
237,s237_2,67_5
237,s237_3,237_5
237,s237_3,237_6
237,s237_4,237_7
237,s237_5,237_8
237,s237_5,237_9
237,s237_5,237_10
237,s237_5,1_21
238,s238_0,12_0
238,s238_0,238_1
238,s238_0,238_2
238,s238_0,238_3
238,s238_0,238_4
238,s238_0,238_5
238,s238_1,138_6
238,s238_1,238_7
238,s238_1,238_8
238,s238_1,238_9
238,s238_1,238_10
238,s238_1,238_11
238,s238_1,238_12
238,s238_2,238_13
238,s238_2,238_14
238,s238_2,238_15
238,s238_3,238_16
238,s238_3,238_17
238,s238_3,238_18
238,s238_4,238_19
238,s238_4,238_20
238,s238_4,238_21
238,s238_4,238_22
238,s238_5,238_23
238,s238_5,56_27
238,s238_6,238_25
239,s239_0,1_0
239,s239_0,239_1
239,s239_0,239_2
239,s239_0,239_3
239,s239_1,239_4
239,s239_1,81_9
239,s239_1,239_6
239,s239_1,239_7
239,s239_1,239_8
239,s239_1,239_9
239,s239_1,239_10
239,s239_2,239_11
239,s239_2,239_12
239,s239_2,239_13
239,s239_3,171_6
240,s240_0,240_0
240,s240_0,240_1
240,s240_1,240_2
240,s240_1,240_3
240,s240_1,240_4
240,s240_1,240_5
240,s240_2,240_6
240,s240_2,240_7
240,s240_2,240_8
240,s240_2,240_9
240,s240_3,240_10
240,s240_4,240_11
240,s240_4,240_12
240,s240_5,240_13
240,s240_5,240_14
240,s240_5,240_15
240,s240_5,233_16
240,s240_6,31_21
241,s241_0,241_0
241,s241_1,241_1
241,s241_1,241_2
241,s241_2,241_3
241,s241_2,241_4
241,s241_2,241_5
241,s241_2,241_6
241,s241_2,241_7
241,s241_3,241_8
241,s241_3,241_9
241,s241_3,241_10
241,s241_3,241_11
241,s241_3,117_17
241,s241_3,159_16
242,s242_0,1_0
242,s242_0,242_1
242,s242_1,242_2
242,s242_2,242_3
242,s242_2,242_4
242,s242_3,242_5
242,s242_3,242_6
242,s242_3,242_7
242,s242_3,242_8
242,s242_3,242_9
242,s242_4,242_10
242,s242_4,242_11
242,s242_5,242_12
242,s242_5,242_13
242,s242_5,242_14
242,s242_6,242_15
242,s242_7,242_16
242,s242_7,242_17
242,s242_7,242_18
242,s242_7,242_19
242,s242_8,242_20
242,s242_8,242_21
242,s242_8,242_22
242,s242_8,242_23
242,s242_8,242_24
242,s242_9,242_25
242,s242_9,242_26
242,s242_10,242_27
242,s242_10,215_30
242,s242_11,242_29
243,s243_0,243_0
243,s243_1,243_1
243,s243_1,243_2
243,s243_1,243_3
243,s243_2,243_4
243,s243_2,243_5
243,s243_2,243_6
243,s243_2,243_7
243,s243_2,243_8
243,s243_2,243_9
243,s243_2,243_10
243,s243_2,243_11
243,s243_3,243_12
243,s243_3,243_13
243,s243_4,243_14
243,s243_4,243_15
243,s243_4,243_16
243,s243_4,243_17
243,s243_4,243_18
243,s243_5,11_14
243,s243_5,16_23
244,s244_0,244_0
244,s244_1,244_1
244,s244_1,244_2
244,s244_1,244_3
244,s244_1,244_4
244,s244_1,244_5
244,s244_1,244_6
244,s244_1,244_7
244,s244_1,244_8
244,s244_2,244_9
244,s244_2,244_10
244,s244_2,244_11
244,s244_3,244_12
244,s244_3,244_13
244,s244_4,142_17
245,s245_0,245_0
245,s245_1,245_1
245,s245_1,245_2
245,s245_1,245_3
245,s245_1,245_4
245,s245_1,245_5
245,s245_1,245_6
245,s245_2,245_7
245,s245_2,245_8
245,s245_2,245_9
245,s245_2,241_11
245,s245_2,117_17
245,s245_2,159_16
246,s246_0,246_0
246,s246_0,246_1
246,s246_0,246_2
246,s246_0,246_3
246,s246_0,246_4
246,s246_0,246_5
246,s246_0,246_6
246,s246_1,246_7
246,s246_1,246_8
246,s246_1,246_9
246,s246_1,246_10
246,s246_2,246_11
246,s246_2,246_12
246,s246_2,246_13
246,s246_2,246_14
246,s246_2,246_15
246,s246_3,246_16
247,s247_0,246_0
247,s247_0,247_1
247,s247_1,247_2
247,s247_1,247_3
247,s247_2,247_4
247,s247_3,247_5
247,s247_3,247_6
247,s247_4,247_7
247,s247_5,247_8
247,s247_6,247_9
247,s247_6,247_10
247,s247_6,247_11
247,s247_6,247_12
247,s247_6,247_13
247,s247_7,247_14
247,s247_7,247_15
247,s247_7,247_16
247,s247_8,247_17
247,s247_8,247_18
247,s247_8,247_19
247,s247_8,247_20
247,s247_8,211_14
247,s247_8,247_22
247,s247_8,247_23
247,s247_8,247_24
247,s247_9,247_25
248,s248_0,248_0
248,s248_0,248_1
248,s248_0,248_2
248,s248_0,248_3
248,s248_0,248_4
248,s248_1,248_5
248,s248_1,117_17
248,s248_1,248_7
249,s249_0,249_0
249,s249_1,249_1
249,s249_1,249_2
249,s249_1,249_3
249,s249_1,249_4
249,s249_1,249_5
249,s249_1,249_6
249,s249_1,249_7
249,s249_2,249_8
249,s249_2,249_9
250,s250_0,250_0
250,s250_1,250_1
250,s250_1,250_2
250,s250_2,250_3
250,s250_2,250_4
250,s250_2,250_5
250,s250_2,250_6
250,s250_3,250_7
250,s250_3,250_8
250,s250_3,250_9
250,s250_4,250_10
250,s250_4,250_11
250,s250_4,250_12
250,s250_4,250_13
250,s250_4,250_14
250,s250_4,250_15
250,s250_5,250_16
251,s251_0,251_0
251,s251_0,251_1
251,s251_0,251_2
251,s251_0,251_3
251,s251_1,251_4
251,s251_1,251_5
251,s251_1,251_6
251,s251_1,251_7
251,s251_2,251_8
251,s251_2,251_9
251,s251_3,251_10
251,s251_3,251_11
251,s251_3,108_20
252,s252_0,252_0
252,s252_1,252_1
252,s252_1,252_2
252,s252_2,252_3
252,s252_3,252_4
252,s252_3,252_5
252,s252_3,252_6
252,s252_3,252_7
252,s252_4,252_8
252,s252_4,252_9
252,s252_5,252_10
252,s252_6,252_11
252,s252_6,252_12
252,s252_6,252_13
252,s252_6,252_14
252,s252_6,252_15
252,s252_6,252_16
252,s252_6,252_17
252,s252_6,252_18
252,s252_6,252_19
253,s253_0,1_0
253,s253_0,253_1
253,s253_1,253_2
253,s253_1,106_2
253,s253_1,81_9
253,s253_2,253_5
253,s253_2,56_10
253,s253_2,56_11
253,s253_2,98_8
253,s253_2,253_9
253,s253_3,253_10
253,s253_3,253_11
253,s253_3,106_15
253,s253_3,253_13
253,s253_4,56_22
253,s253_4,56_23
253,s253_4,238_21
253,s253_4,238_22
253,s253_5,253_18
253,s253_5,253_19
253,s253_6,253_20
253,s253_7,253_21
253,s253_7,56_27
253,s253_8,52_15
254,s254_0,254_0
254,s254_0,254_1
254,s254_0,254_2
254,s254_0,254_3
254,s254_0,254_4
254,s254_1,254_5
254,s254_1,254_6
254,s254_2,254_7
254,s254_2,254_8
255,s255_0,255_0
255,s255_0,255_1
255,s255_0,255_2
255,s255_0,255_3
255,s255_0,255_4
255,s255_0,255_5
255,s255_0,255_6
255,s255_0,255_7
255,s255_1,255_8
256,s256_0,256_0
256,s256_0,256_1
256,s256_1,256_2
256,s256_1,256_3
256,s256_1,256_4
256,s256_1,256_5
256,s256_1,256_6
256,s256_1,256_7
256,s256_2,256_8
256,s256_2,256_9
256,s256_2,256_10
256,s256_2,256_11
256,s256_2,256_12
256,s256_3,256_13
256,s256_3,256_14
257,s257_0,257_0
257,s257_0,257_1
257,s257_0,257_2
257,s257_0,257_3
257,s257_0,257_4
257,s257_1,257_5
257,s257_1,257_6
257,s257_2,257_7
257,s257_2,257_8
257,s257_2,257_9
257,s257_2,257_10
257,s257_2,257_11
257,s257_3,137_26
257,s257_3,257_13
257,s257_3,52_15
258,s258_0,258_0
258,s258_0,258_1
258,s258_0,258_2
258,s258_1,258_3
258,s258_1,258_4
258,s258_2,258_5
258,s258_3,258_6
258,s258_3,258_7
258,s258_3,258_8
258,s258_3,258_9
258,s258_4,258_10
258,s258_5,258_11
258,s258_5,258_12
258,s258_5,258_13
258,s258_5,258_14
258,s258_5,258_15
258,s258_5,258_16
258,s258_5,258_17
258,s258_6,258_18
258,s258_6,258_19
258,s258_6,258_20
258,s258_6,258_21
258,s258_7,258_22
258,s258_8,258_23
258,s258_8,258_24
258,s258_8,258_25
259,s259_0,1_0
259,s259_0,247_1
259,s259_1,259_2
259,s259_1,259_3
259,s259_1,259_4
259,s259_1,259_5
259,s259_2,259_6
259,s259_3,259_7
259,s259_4,259_8
259,s259_4,259_9
259,s259_5,259_10
259,s259_5,259_11
259,s259_6,259_12
259,s259_7,259_13
259,s259_7,259_14
259,s259_7,259_15
259,s259_8,259_16
259,s259_8,259_17
259,s259_8,259_18
259,s259_8,185_15
259,s259_8,259_20
259,s259_8,259_21
259,s259_9,259_22
259,s259_9,259_23
259,s259_10,259_24
259,s259_10,259_25
259,s259_10,259_26
259,s259_10,259_27
259,s259_11,259_28
259,s259_11,259_29
259,s259_12,259_30
259,s259_12,259_31
259,s259_12,259_32
259,s259_12,247_22
259,s259_12,259_34
259,s259_12,259_35
259,s259_12,247_23
259,s259_12,56_22
259,s259_12,259_38
260,s260_0,1_0
260,s260_0,1_1
260,s260_0,1_2
260,s260_1,260_3
260,s260_2,260_4
260,s260_3,260_5
260,s260_3,260_6
260,s260_3,260_7
260,s260_3,260_8
260,s260_3,260_9
260,s260_3,260_10
260,s260_3,260_11
260,s260_4,260_12
260,s260_5,260_13
260,s260_5,260_14
260,s260_6,260_15
260,s260_7,260_16
260,s260_7,260_17
260,s260_7,260_18
260,s260_8,260_19
260,s260_8,260_20
260,s260_8,1_19
260,s260_8,33_15
261,s261_0,261_0
261,s261_0,261_1
261,s261_0,261_2
261,s261_0,261_3
261,s261_0,261_4
261,s261_1,261_5
261,s261_1,44_4
261,s261_2,261_7
261,s261_2,261_8
261,s261_2,261_9
261,s261_2,261_10
261,s261_3,250_16
262,s262_0,262_0
262,s262_1,262_1
262,s262_1,262_2
262,s262_1,262_3
262,s262_1,262_4
262,s262_2,262_5
262,s262_3,262_6
262,s262_3,262_7
262,s262_3,80_3
262,s262_3,80_2
262,s262_3,123_6
262,s262_3,123_8
262,s262_3,262_12
262,s262_3,262_13
262,s262_3,262_14
262,s262_4,262_15
262,s262_4,262_16
262,s262_5,262_17
262,s262_5,262_18
262,s262_5,262_19
262,s262_5,262_20
262,s262_5,56_24
262,s262_5,262_22
262,s262_5,56_27
262,s262_6,52_15
263,s263_0,263_0
263,s263_1,263_1
263,s263_1,263_2
263,s263_2,263_3
263,s263_2,263_4
263,s263_2,263_5
263,s263_2,263_6
263,s263_2,263_7
263,s263_2,263_8
263,s263_3,191_4
263,s263_3,263_10
263,s263_3,263_11
263,s263_3,263_12
263,s263_3,263_13
263,s263_3,263_14
263,s263_4,57_7
263,s263_4,263_16
263,s263_4,263_17
263,s263_4,263_18
263,s263_4,263_19
263,s263_5,263_20
263,s263_5,263_21
263,s263_6,55_11
263,s263_6,263_23
263,s263_6,52_15
264,s264_0,264_0
264,s264_0,264_1
264,s264_1,264_2
264,s264_1,264_3
264,s264_2,264_4
264,s264_2,264_5
264,s264_2,264_6
264,s264_2,264_7
264,s264_3,264_8
264,s264_3,264_9
264,s264_3,264_10
264,s264_3,264_11
264,s264_3,247_23
264,s264_3,264_13
264,s264_3,264_14
264,s264_3,264_15
264,s264_4,55_11
264,s264_4,263_23
264,s264_4,52_15
265,s265_0,254_0
265,s265_1,265_1
265,s265_1,265_2
265,s265_1,265_3
265,s265_1,265_4
265,s265_1,265_5
265,s265_1,265_6
265,s265_1,265_7
265,s265_2,265_8
265,s265_2,265_9
266,s266_0,254_0
266,s266_0,266_1
266,s266_1,266_2
266,s266_1,266_3
266,s266_2,266_4
266,s266_2,266_5
266,s266_2,266_6
266,s266_2,266_7
266,s266_2,266_8
266,s266_2,266_9
266,s266_2,266_10
267,s267_0,267_0
267,s267_0,267_1
267,s267_0,267_2
267,s267_0,267_3
267,s267_0,267_4
267,s267_0,267_5
267,s267_1,267_6
267,s267_2,267_7
267,s267_2,267_8
267,s267_2,267_9
267,s267_3,267_10
267,s267_4,267_11
268,s268_0,268_0
268,s268_0,268_1
268,s268_0,268_2
268,s268_0,268_3
268,s268_0,268_4
268,s268_1,268_5
268,s268_1,268_6
268,s268_1,244_13
268,s268_1,268_8
269,s269_0,1_0
269,s269_0,269_1
269,s269_1,269_2
269,s269_1,269_3
269,s269_1,269_4
269,s269_1,10_6
270,s270_0,25_0
270,s270_1,270_1
270,s270_2,270_2
270,s270_2,270_3
270,s270_2,270_4
270,s270_3,270_5
270,s270_3,270_6
270,s270_4,270_7
270,s270_4,270_8
270,s270_4,270_9
270,s270_4,270_10
270,s270_4,270_11
270,s270_4,270_12
270,s270_5,270_13
270,s270_5,270_14
270,s270_6,270_15
270,s270_6,252_16
270,s270_6,270_17
270,s270_7,270_18
270,s270_7,270_19
270,s270_7,270_20
270,s270_7,270_21
270,s270_8,270_22
270,s270_8,270_23
270,s270_9,270_24
270,s270_9,270_25
270,s270_9,270_26
270,s270_10,0_8
270,s270_10,12_9
270,s270_10,28_15
270,s270_11,108_20
271,s271_0,14_0
271,s271_1,271_1
271,s271_1,271_2
271,s271_1,271_3
271,s271_1,271_4
271,s271_1,271_5
271,s271_1,271_6
271,s271_2,271_7
271,s271_2,271_8
271,s271_3,271_9
271,s271_3,271_10
271,s271_3,271_11
271,s271_3,271_12
271,s271_3,244_13
271,s271_4,52_15
272,s272_0,272_0
272,s272_1,272_1
272,s272_1,272_2
272,s272_1,272_3
272,s272_1,272_4
272,s272_2,272_5
272,s272_2,272_6
272,s272_2,272_7
272,s272_2,272_8
272,s272_2,272_9
272,s272_3,272_10
272,s272_3,272_11
272,s272_3,272_12
272,s272_4,272_13
272,s272_5,272_14
272,s272_5,272_15
272,s272_5,272_16
272,s272_5,272_17
272,s272_5,272_18
272,s272_5,272_19
273,s273_0,1_0
273,s273_0,273_1
273,s273_1,273_2
273,s273_1,273_3
273,s273_1,273_4
273,s273_1,273_5
273,s273_2,273_6
273,s273_2,273_7
273,s273_3,273_8
273,s273_3,273_9
273,s273_4,273_10
273,s273_5,273_11
273,s273_6,273_12
273,s273_6,273_13
273,s273_6,273_14
273,s273_6,273_15
273,s273_7,10_6
274,s274_0,274_0
274,s274_0,274_1
274,s274_0,274_2
274,s274_0,274_3
274,s274_0,274_4
274,s274_0,274_5
274,s274_1,274_6
274,s274_1,10_6
275,s275_0,275_0
275,s275_0,275_1
275,s275_1,275_2
275,s275_1,275_3
275,s275_1,275_4
275,s275_1,275_5
275,s275_1,275_6
275,s275_2,275_7
275,s275_2,275_8
275,s275_2,275_9
275,s275_2,275_10
275,s275_3,275_11
275,s275_3,275_12
275,s275_4,275_13
275,s275_4,9_10
275,s275_5,9_11
276,s276_0,276_0
276,s276_1,276_1
276,s276_1,276_2
276,s276_1,276_3
276,s276_1,276_4
276,s276_2,276_5
276,s276_2,276_6
276,s276_2,276_7
276,s276_3,276_8
276,s276_4,276_9
276,s276_5,276_10
276,s276_6,276_11
276,s276_6,276_12
276,s276_6,276_13
276,s276_6,276_14
276,s276_6,276_15
276,s276_6,14_21
276,s276_7,108_20
277,s277_0,25_0
277,s277_1,277_1
277,s277_1,277_2
277,s277_1,277_3
277,s277_2,277_4
277,s277_2,277_5
277,s277_2,277_6
277,s277_2,277_7
277,s277_2,277_8
277,s277_2,277_9
277,s277_2,277_10
277,s277_2,277_11
277,s277_2,277_12
277,s277_2,277_13
277,s277_3,277_14
277,s277_3,277_15
277,s277_3,277_16
277,s277_3,277_17
277,s277_3,277_18
277,s277_3,277_19
277,s277_4,277_20
277,s277_4,277_21
277,s277_4,277_22
277,s277_4,277_23
277,s277_5,277_24
277,s277_6,277_25
277,s277_6,277_26
277,s277_6,277_27
277,s277_6,277_28
277,s277_7,277_29
277,s277_8,277_30
277,s277_8,277_31
277,s277_9,277_32
277,s277_9,84_15
277,s277_9,277_34
277,s277_10,277_35
277,s277_10,277_36
277,s277_10,277_37
277,s277_10,277_38
277,s277_10,277_39
277,s277_10,277_40
277,s277_11,277_41
277,s277_11,277_42
277,s277_12,84_18
277,s277_13,108_20
278,s278_0,278_0
278,s278_0,278_1
278,s278_0,278_2
278,s278_0,278_3
278,s278_1,278_4
278,s278_1,278_5
278,s278_2,278_6
278,s278_2,185_15
278,s278_2,278_8
278,s278_2,110_5
278,s278_2,278_10
278,s278_2,103_6
278,s278_3,278_12
278,s278_3,278_13
278,s278_3,278_14
278,s278_3,278_15
278,s278_3,278_16
278,s278_3,9_10
278,s278_4,9_11
279,s279_0,279_0
279,s279_0,279_1
279,s279_0,279_2
279,s279_0,279_3
279,s279_1,279_4
279,s279_1,279_5
279,s279_1,279_6
279,s279_2,279_7
279,s279_2,279_8
279,s279_3,279_9
279,s279_3,279_10
279,s279_4,279_11
279,s279_4,279_12
279,s279_4,279_13
279,s279_5,279_14
280,s280_0,280_0
280,s280_1,280_1
280,s280_1,280_2
280,s280_1,280_3
280,s280_1,280_4
280,s280_1,280_5
280,s280_1,280_6
281,s281_0,281_0
281,s281_1,281_1
281,s281_1,281_2
281,s281_2,281_3
281,s281_2,281_4
281,s281_3,281_5
281,s281_3,281_6
281,s281_3,281_7
281,s281_3,281_8
281,s281_3,281_9
281,s281_4,143_11
281,s281_4,108_20
282,s282_0,282_0
282,s282_0,282_1
282,s282_0,282_2
282,s282_0,282_3
282,s282_0,282_4
282,s282_1,282_5
282,s282_1,282_6
282,s282_1,282_7
282,s282_1,282_8
283,s283_0,283_0
283,s283_1,283_1
283,s283_1,283_2
283,s283_1,283_3
283,s283_1,283_4
283,s283_1,283_5
283,s283_1,283_6
283,s283_1,283_7
283,s283_1,10_6
284,s284_0,284_0
284,s284_1,284_1
284,s284_1,284_2
284,s284_1,284_3
284,s284_1,284_4
284,s284_1,284_5
284,s284_1,284_6
285,s285_0,285_0
285,s285_0,285_1
285,s285_1,285_2
285,s285_2,285_3
285,s285_2,285_4
285,s285_2,285_5
285,s285_3,285_6
285,s285_4,285_7
285,s285_4,285_8
285,s285_4,285_9
285,s285_4,285_10
285,s285_5,285_11
285,s285_5,285_12
285,s285_6,285_13
285,s285_6,285_14
285,s285_6,285_15
285,s285_6,18_14
285,s285_7,285_17
286,s286_0,286_0
286,s286_1,286_1
286,s286_1,286_2
286,s286_2,286_3
286,s286_2,286_4
286,s286_2,286_5
286,s286_2,286_6
286,s286_2,286_7
286,s286_2,286_8
286,s286_3,286_9
286,s286_3,286_10
286,s286_3,286_11
286,s286_3,286_12
286,s286_3,286_13
287,s287_0,287_0
287,s287_0,287_1
287,s287_1,287_2
287,s287_2,287_3
287,s287_2,287_4
287,s287_2,287_5
287,s287_2,287_6
287,s287_2,287_7
287,s287_3,287_8
287,s287_3,287_9
288,s288_0,288_0
288,s288_0,288_1
288,s288_1,288_2
288,s288_2,288_3
288,s288_3,288_4
288,s288_3,288_5
288,s288_3,288_6
288,s288_4,288_7
288,s288_4,288_8
288,s288_4,288_9
288,s288_4,288_10
288,s288_4,288_11
288,s288_4,288_12
289,s289_0,289_0
289,s289_0,289_1
289,s289_1,289_2
289,s289_1,289_3
289,s289_2,289_4
289,s289_3,289_5
289,s289_3,289_6
289,s289_3,211_8
289,s289_3,30_4
289,s289_3,289_9
289,s289_3,289_10
289,s289_4,289_11
289,s289_4,289_12
289,s289_4,289_13
289,s289_4,289_14
289,s289_4,289_15
289,s289_5,289_16
289,s289_5,289_17
289,s289_5,289_18
289,s289_5,289_19
289,s289_5,289_20
289,s289_5,289_21
289,s289_6,189_28
289,s289_6,289_23
289,s289_6,289_24
289,s289_6,289_25
289,s289_7,247_22
289,s289_7,289_27
290,s290_0,290_0
290,s290_1,290_1
290,s290_1,290_2
290,s290_1,290_3
290,s290_1,290_4
290,s290_1,290_5
290,s290_1,290_6
290,s290_2,290_7
290,s290_2,290_8
290,s290_2,9_6
290,s290_2,290_10
290,s290_3,290_11
290,s290_3,290_12
290,s290_3,290_13
290,s290_3,290_14
290,s290_3,290_15
290,s290_3,290_16
290,s290_4,144_17
290,s290_4,290_18
290,s290_4,290_19
290,s290_5,290_20
290,s290_6,290_21
290,s290_7,279_14
291,s291_0,12_0
291,s291_0,291_1
291,s291_0,291_2
291,s291_0,291_3
291,s291_1,81_9
291,s291_1,291_5
291,s291_1,81_6
291,s291_1,291_7
291,s291_1,291_8
291,s291_2,291_9
291,s291_2,291_10
291,s291_2,291_11
291,s291_2,291_12
291,s291_3,291_13
291,s291_3,291_14
291,s291_3,291_15
291,s291_4,52_14
291,s291_4,52_15
292,s292_0,292_0
292,s292_0,292_1
292,s292_0,292_2
292,s292_0,292_3
292,s292_1,292_4
292,s292_1,292_5
292,s292_1,292_6
292,s292_2,292_7
292,s292_2,292_8
292,s292_2,262_20
292,s292_3,292_10
292,s292_4,292_11
292,s292_5,292_12
292,s292_5,292_13
292,s292_5,56_27
292,s292_5,52_15
293,s293_0,89_0
293,s293_0,293_1
293,s293_0,293_2
293,s293_0,293_3
293,s293_1,293_4
293,s293_2,293_5
293,s293_3,293_6
293,s293_3,293_7
293,s293_3,293_8
293,s293_3,293_9
293,s293_3,293_10
293,s293_3,293_11
293,s293_4,293_12
293,s293_4,293_13
293,s293_4,293_14
293,s293_4,293_15
293,s293_4,293_16
293,s293_4,293_17
293,s293_4,52_15
294,s294_0,294_0
294,s294_1,294_1
294,s294_2,294_2
294,s294_2,294_3
294,s294_3,294_4
294,s294_3,294_5
294,s294_4,294_6
294,s294_4,294_7
294,s294_4,294_8
294,s294_4,294_9
294,s294_4,294_10
294,s294_4,294_11
294,s294_4,294_12
294,s294_4,294_13
294,s294_5,294_14
294,s294_6,294_15
294,s294_6,294_16
294,s294_6,294_17
294,s294_6,294_18
294,s294_6,294_19
294,s294_6,294_20
294,s294_6,294_21
294,s294_6,294_22
294,s294_7,294_23
294,s294_8,294_24
294,s294_8,294_25
294,s294_8,294_26
294,s294_9,294_27
294,s294_10,294_28
294,s294_10,294_29
294,s294_10,294_30
294,s294_10,294_31
294,s294_10,294_32
294,s294_10,294_33
294,s294_11,294_34
294,s294_11,294_35
294,s294_12,294_36
294,s294_13,294_37
294,s294_14,294_38
294,s294_15,294_39
294,s294_15,294_40
294,s294_15,294_41
294,s294_15,294_42
294,s294_16,294_43
294,s294_16,294_44
294,s294_16,294_45
294,s294_16,294_46
294,s294_17,294_47
294,s294_17,294_48
294,s294_17,294_49
294,s294_18,294_50
294,s294_19,294_51
294,s294_20,294_52
295,s295_0,295_0
295,s295_0,295_1
295,s295_1,295_2
295,s295_1,295_3
295,s295_1,295_4
295,s295_1,295_5
295,s295_2,295_6
295,s295_2,295_7
295,s295_2,295_8
295,s295_2,295_9
295,s295_2,156_7
295,s295_2,52_15
296,s296_0,296_0
296,s296_1,296_1
296,s296_1,296_2
296,s296_1,296_3
296,s296_1,296_4
296,s296_1,296_5
296,s296_1,296_6
296,s296_1,296_7
296,s296_1,296_8
296,s296_1,296_9
296,s296_2,296_10
296,s296_2,296_11
296,s296_2,296_12
296,s296_3,296_13
297,s297_0,297_0
297,s297_1,297_1
297,s297_1,297_2
297,s297_2,297_3
297,s297_2,106_2
297,s297_2,297_5
297,s297_2,297_6
297,s297_2,56_11
297,s297_2,56_12
297,s297_2,291_7
297,s297_2,56_9
297,s297_2,56_10
297,s297_2,297_12
297,s297_2,297_13
297,s297_3,297_14
297,s297_3,297_15
297,s297_3,297_16
297,s297_4,297_17
297,s297_4,297_18
297,s297_4,297_19
297,s297_5,297_20
297,s297_6,297_21
297,s297_6,297_22
297,s297_7,28_15
297,s297_8,108_20
298,s298_0,298_0
298,s298_0,298_1
298,s298_0,298_2
298,s298_0,298_3
298,s298_1,56_12
298,s298_1,298_5
298,s298_1,81_9
298,s298_1,298_7
298,s298_1,98_8
298,s298_1,298_9
298,s298_1,81_8
298,s298_2,298_11
298,s298_2,298_12
298,s298_2,298_13
298,s298_3,298_14
298,s298_3,298_15
298,s298_3,298_16
298,s298_4,298_17
298,s298_4,298_18
298,s298_4,298_19
298,s298_5,279_14
299,s299_0,299_0
299,s299_1,299_1
299,s299_1,299_2
299,s299_1,299_3
299,s299_1,299_4
299,s299_1,299_5
299,s299_1,9_10
299,s299_1,294_52
